date,trading_symbol,target_prob,exit_signal_prob,target_model,exit_signal_model,signal,signal_strength
2024-10-15,AXISBANK,0.8739371454789059,0.4743760142501173,catboost,catboost,BUY,0.8739371454789059
2024-10-15,BHARTIARTL,0.5980015813310761,0.517193714306311,catboost,catboost,SELL,0.517193714306311
2024-10-15,ICICIBANK,0.4332873523235321,0.11758005779143185,xgboost,catboost,HOLD,
2024-10-15,RELIANCE,0.9323450574656674,0.5,catboost,catboost,BUY,0.9323450574656674
2024-10-15,SBIN,0.4381543563064867,0.49824687946572704,catboost,lightgbm,HOLD,
2024-10-15,SUNPHARMA,0.27020609453009575,0.49609234113470096,lightgbm,lightgbm,HOLD,
2024-10-15,TATAMOTORS,0.5489793409222895,0.3618805692342805,catboost,lightgbm,HOLD,
2024-10-15,TITAN,0.5091577916609943,0.47502080935481245,lightgbm,lightgbm,HOLD,
2024-10-15,ULTRACEMCO,0.6956525444984436,0.49053580584002826,xgboost,catboost,BUY,0.6956525444984436
2024-10-16,AXISBANK,0.8355886716098777,0.4743760142501173,catboost,catboost,BUY,0.8355886716098777
2024-10-16,BHARTIARTL,0.4294150680338945,0.5362638228766203,catboost,catboost,SELL,0.5362638228766203
2024-10-16,ICICIBANK,0.7214730381965637,0.10230929689983638,xgboost,catboost,BUY,0.7214730381965637
2024-10-16,RELIANCE,0.7101811614547353,0.5,catboost,catboost,BUY,0.7101811614547353
2024-10-16,SBIN,0.4285600620542488,0.49824687946572704,catboost,lightgbm,HOLD,
2024-10-16,SUNPHARMA,0.27390463477125737,0.510928584696942,lightgbm,lightgbm,SELL,0.510928584696942
2024-10-16,TATAMOTORS,0.5276950336448047,0.20247424855514518,catboost,lightgbm,HOLD,
2024-10-16,TITAN,0.5091577916609943,0.47502080935481245,lightgbm,lightgbm,HOLD,
2024-10-16,ULTRACEMCO,0.6582050919532776,0.49053580584002826,xgboost,catboost,BUY,0.6582050919532776
2024-10-17,AXISBANK,0.9744021290508914,0.4886524766229742,catboost,catboost,BUY,0.9744021290508914
2024-10-17,BHARTIARTL,0.5317161561551202,0.5362638228766203,catboost,catboost,SELL,0.5362638228766203
2024-10-17,ICICIBANK,0.7705533504486084,0.11179687319570224,xgboost,catboost,BUY,0.7705533504486084
2024-10-17,RELIANCE,0.846237878612334,0.5,catboost,catboost,BUY,0.846237878612334
2024-10-17,SBIN,0.4285600620542488,0.49824687946572704,catboost,lightgbm,HOLD,
2024-10-17,SUNPHARMA,0.38621510456369557,0.510928584696942,lightgbm,lightgbm,SELL,0.510928584696942
2024-10-17,TATAMOTORS,0.5059585916762845,0.2415272789865194,catboost,lightgbm,HOLD,
2024-10-17,TITAN,0.5091577916609943,0.47502080935481245,lightgbm,lightgbm,HOLD,
2024-10-17,ULTRACEMCO,0.6141390800476074,0.49053580584002826,xgboost,catboost,BUY,0.6141390800476074
2024-10-18,AXISBANK,0.5846351333665851,0.4743760142501173,catboost,catboost,HOLD,
2024-10-18,BHARTIARTL,0.5035889982833891,0.5362638228766203,catboost,catboost,SELL,0.5362638228766203
2024-10-18,ICICIBANK,0.5204830169677734,0.2995693311609672,xgboost,catboost,HOLD,
2024-10-18,RELIANCE,0.4972891450466052,0.5,catboost,catboost,HOLD,
2024-10-18,SBIN,0.4285600620542488,0.49824687946572704,catboost,lightgbm,HOLD,
2024-10-18,SUNPHARMA,0.2866741400505867,0.47502081356110454,lightgbm,lightgbm,HOLD,
2024-10-18,TATAMOTORS,0.4897246217452331,0.2415272789865194,catboost,lightgbm,HOLD,
2024-10-18,TITAN,0.5091577916609943,0.47502080935481245,lightgbm,lightgbm,HOLD,
2024-10-18,ULTRACEMCO,0.6192368865013123,0.49053580584002826,xgboost,catboost,BUY,0.6192368865013123
2024-10-21,AXISBANK,0.7599610567152029,0.4743760142501173,catboost,catboost,BUY,0.7599610567152029
2024-10-21,BHARTIARTL,0.5336077926029076,0.4808364311855998,catboost,catboost,HOLD,
2024-10-21,ICICIBANK,0.6795361042022705,0.22123084110962388,xgboost,catboost,BUY,0.6795361042022705
2024-10-21,RELIANCE,0.516377991950025,0.5,catboost,catboost,HOLD,
2024-10-21,SBIN,0.4285600620542488,0.49824687946572704,catboost,lightgbm,HOLD,
2024-10-21,SUNPHARMA,0.33566519605093326,0.47502081356110454,lightgbm,lightgbm,HOLD,
2024-10-21,TATAMOTORS,0.4897246217452331,0.24582997654722336,catboost,lightgbm,HOLD,
2024-10-21,TITAN,0.5091577916609943,0.47502080935481245,lightgbm,lightgbm,HOLD,
2024-10-21,ULTRACEMCO,0.5536690950393677,0.49053580584002826,xgboost,catboost,HOLD,
2024-10-22,AXISBANK,0.8823071229049435,0.4743760142501173,catboost,catboost,BUY,0.8823071229049435
2024-10-22,BHARTIARTL,0.5259316604969251,0.43405014419759463,catboost,catboost,HOLD,
2024-10-22,ICICIBANK,0.6829697489738464,0.3178964941086535,xgboost,catboost,BUY,0.6829697489738464
2024-10-22,RELIANCE,0.5572564460811327,0.5,catboost,catboost,HOLD,
2024-10-22,SBIN,0.45282802667396616,0.49824687946572704,catboost,lightgbm,HOLD,
2024-10-22,SUNPHARMA,0.3622945668823417,0.47502081356110454,lightgbm,lightgbm,HOLD,
2024-10-22,TATAMOTORS,0.4897246217452331,0.18324093145128845,catboost,lightgbm,HOLD,
2024-10-22,TITAN,0.5091577916609943,0.47502080935481245,lightgbm,lightgbm,HOLD,
2024-10-22,ULTRACEMCO,0.4930151700973511,0.49053580584002826,xgboost,catboost,HOLD,
2024-10-23,AXISBANK,0.962687932061237,0.4886524766229742,catboost,catboost,BUY,0.962687932061237
2024-10-23,BHARTIARTL,0.5363107310942139,0.4095341285068688,catboost,catboost,HOLD,
2024-10-23,ICICIBANK,0.9113677740097046,0.14342574059449056,xgboost,catboost,BUY,0.9113677740097046
2024-10-23,RELIANCE,0.5445023701534005,0.5,catboost,catboost,HOLD,
2024-10-23,SBIN,0.44209693659487265,0.49824687946572704,catboost,lightgbm,HOLD,
2024-10-23,SUNPHARMA,0.6512188368098027,0.47502081356110454,lightgbm,lightgbm,BUY,0.6512188368098027
2024-10-23,TATAMOTORS,0.5567674265783288,0.20163766024450075,catboost,lightgbm,HOLD,
2024-10-23,TITAN,0.5091577916609943,0.47502080935481245,lightgbm,lightgbm,HOLD,
2024-10-23,ULTRACEMCO,0.5329456925392151,0.49053580584002826,xgboost,catboost,HOLD,
2024-10-24,AXISBANK,0.9577727769124622,0.4743760142501173,catboost,catboost,BUY,0.9577727769124622
2024-10-24,BHARTIARTL,0.7787782948143732,0.31309882938568667,catboost,catboost,BUY,0.7787782948143732
2024-10-24,ICICIBANK,0.9219013452529907,0.17304915094711623,xgboost,catboost,BUY,0.9219013452529907
2024-10-24,RELIANCE,0.7915564101909055,0.5,catboost,catboost,BUY,0.7915564101909055
2024-10-24,SBIN,0.44209693659487265,0.49824687946572704,catboost,lightgbm,HOLD,
2024-10-24,SUNPHARMA,0.5813498155792136,0.47502081356110454,lightgbm,lightgbm,HOLD,
2024-10-24,TATAMOTORS,0.5567674265783288,0.18066396342278834,catboost,lightgbm,HOLD,
2024-10-24,TITAN,0.5091577916609943,0.47502080935481245,lightgbm,lightgbm,HOLD,
2024-10-24,ULTRACEMCO,0.6379550695419312,0.49053580584002826,xgboost,catboost,BUY,0.6379550695419312
2024-10-25,AXISBANK,0.8640480862784954,0.4743760142501173,catboost,catboost,BUY,0.8640480862784954
2024-10-25,BHARTIARTL,0.748168699546121,0.31309882938568667,catboost,catboost,BUY,0.748168699546121
2024-10-25,ICICIBANK,0.8438587188720703,0.22845991707556657,xgboost,catboost,BUY,0.8438587188720703
2024-10-25,RELIANCE,0.8390456545417558,0.5,catboost,catboost,BUY,0.8390456545417558
2024-10-25,SBIN,0.4957379800890576,0.4830705701638933,catboost,lightgbm,HOLD,
2024-10-25,SUNPHARMA,0.5813498155792136,0.47502081356110454,lightgbm,lightgbm,HOLD,
2024-10-25,TATAMOTORS,0.5567674265783288,0.18066396342278834,catboost,lightgbm,HOLD,
2024-10-25,TITAN,0.5091577916609943,0.47502080935481245,lightgbm,lightgbm,HOLD,
2024-10-25,ULTRACEMCO,0.5684974789619446,0.49053580584002826,xgboost,catboost,HOLD,
2024-10-28,AXISBANK,0.9416644632803263,0.4743760142501173,catboost,catboost,BUY,0.9416644632803263
2024-10-28,BHARTIARTL,0.8090323951113693,0.35152442036863074,catboost,catboost,BUY,0.8090323951113693
2024-10-28,ICICIBANK,0.16691647469997406,0.5171612974173707,xgboost,catboost,SELL,0.5171612974173707
2024-10-28,RELIANCE,0.8980433088409936,0.5,catboost,catboost,BUY,0.8980433088409936
2024-10-28,SBIN,0.42335915721394285,0.49824687946572704,catboost,lightgbm,HOLD,
2024-10-28,SUNPHARMA,0.44946949178986445,0.5235802838381035,lightgbm,lightgbm,SELL,0.5235802838381035
2024-10-28,TATAMOTORS,0.5567674265783288,0.2538764456074433,catboost,lightgbm,HOLD,
2024-10-28,TITAN,0.5091577916609943,0.47502080935481245,lightgbm,lightgbm,HOLD,
2024-10-28,ULTRACEMCO,0.6208755970001221,0.49053580584002826,xgboost,catboost,BUY,0.6208755970001221
2024-10-29,AXISBANK,0.6979977380700466,0.4743760142501173,catboost,catboost,BUY,0.6979977380700466
2024-10-29,BHARTIARTL,0.9079772203769284,0.35152442036863074,catboost,catboost,BUY,0.9079772203769284
2024-10-29,ICICIBANK,0.07363826781511307,0.6658705093107244,xgboost,catboost,SELL,0.6658705093107244
2024-10-29,RELIANCE,0.8538008896376601,0.5,catboost,catboost,BUY,0.8538008896376601
2024-10-29,SBIN,0.4218526175561831,0.48553528902720866,catboost,lightgbm,HOLD,
2024-10-29,SUNPHARMA,0.47328866636780437,0.47502081356110454,lightgbm,lightgbm,HOLD,
2024-10-29,TATAMOTORS,0.5567674265783288,0.2662369929308444,catboost,lightgbm,HOLD,
2024-10-29,TITAN,0.5091577916609943,0.47502080935481245,lightgbm,lightgbm,HOLD,
2024-10-29,ULTRACEMCO,0.4740146994590759,0.5067036791282372,xgboost,catboost,SELL,0.5067036791282372
2024-10-30,AXISBANK,0.8310016265274105,0.4743760142501173,catboost,catboost,BUY,0.8310016265274105
2024-10-30,BHARTIARTL,0.9146044042764628,0.315816087218682,catboost,catboost,BUY,0.9146044042764628
2024-10-30,ICICIBANK,0.06761670112609863,0.6508247663927018,xgboost,catboost,SELL,0.6508247663927018
2024-10-30,RELIANCE,0.8224165494996357,0.5,catboost,catboost,BUY,0.8224165494996357
2024-10-30,SBIN,0.42363298086302714,0.48553528902720866,catboost,lightgbm,HOLD,
2024-10-30,SUNPHARMA,0.5094824694861064,0.47502081356110454,lightgbm,lightgbm,HOLD,
2024-10-30,TATAMOTORS,0.5567674265783288,0.259053554718975,catboost,lightgbm,HOLD,
2024-10-30,TITAN,0.5091577916609943,0.47502080935481245,lightgbm,lightgbm,HOLD,
2024-10-30,ULTRACEMCO,0.48606061935424805,0.5067036791282372,xgboost,catboost,SELL,0.5067036791282372
2024-10-31,AXISBANK,0.7933114869698947,0.4743760142501173,catboost,catboost,BUY,0.7933114869698947
2024-10-31,BHARTIARTL,0.926743994487112,0.315816087218682,catboost,catboost,BUY,0.926743994487112
2024-10-31,ICICIBANK,0.17215171456336975,0.5648036580538631,xgboost,catboost,SELL,0.5648036580538631
2024-10-31,RELIANCE,0.7609369691392772,0.5,catboost,catboost,BUY,0.7609369691392772
2024-10-31,SBIN,0.42363298086302714,0.49824687946572704,catboost,lightgbm,HOLD,
2024-10-31,SUNPHARMA,0.502572433897733,0.47502081356110454,lightgbm,lightgbm,HOLD,
2024-10-31,TATAMOTORS,0.5781323345988737,0.24779136903677937,catboost,lightgbm,HOLD,
2024-10-31,TITAN,0.5091577916609943,0.47502080935481245,lightgbm,lightgbm,HOLD,
2024-10-31,ULTRACEMCO,0.5303167104721069,0.5067036791282372,xgboost,catboost,SELL,0.5067036791282372
2024-11-01,AXISBANK,0.8958972854348913,0.4743760142501173,catboost,catboost,BUY,0.8958972854348913
2024-11-01,BHARTIARTL,0.9373414985767896,0.33590058965003305,catboost,catboost,BUY,0.9373414985767896
2024-11-01,ICICIBANK,0.2660443186759949,0.5179425188254769,xgboost,catboost,SELL,0.5179425188254769
2024-11-01,RELIANCE,0.8436709899198297,0.5,catboost,catboost,BUY,0.8436709899198297
2024-11-01,SBIN,0.3968149112445865,0.49824687946572704,catboost,lightgbm,HOLD,
2024-11-01,SUNPHARMA,0.49524483917422507,0.5235802838381035,lightgbm,lightgbm,SELL,0.5235802838381035
2024-11-01,TATAMOTORS,0.5938861065308662,0.17562376174303945,catboost,lightgbm,HOLD,
2024-11-01,TITAN,0.5091577916609943,0.47502080935481245,lightgbm,lightgbm,HOLD,
2024-11-01,ULTRACEMCO,0.5556210279464722,0.45442737916633014,xgboost,catboost,HOLD,
2024-11-04,AXISBANK,0.9274667191103229,0.4886524766229742,catboost,catboost,BUY,0.9274667191103229
2024-11-04,BHARTIARTL,0.9205200902596313,0.3980165830652679,catboost,catboost,BUY,0.9205200902596313
2024-11-04,ICICIBANK,0.3281448781490326,0.2800292869642528,xgboost,catboost,HOLD,
2024-11-04,RELIANCE,0.6813537105822541,0.5,catboost,catboost,BUY,0.6813537105822541
2024-11-04,SBIN,0.38750150995803534,0.5404457099788242,catboost,lightgbm,SELL,0.5404457099788242
2024-11-04,SUNPHARMA,0.48134959902238045,0.5235802838381035,lightgbm,lightgbm,SELL,0.5235802838381035
2024-11-04,TATAMOTORS,0.5835633388036287,0.1393572812448553,catboost,lightgbm,HOLD,
2024-11-04,TITAN,0.5091577916609943,0.47502080935481245,lightgbm,lightgbm,HOLD,
2024-11-04,ULTRACEMCO,0.6708863377571106,0.5,xgboost,catboost,BUY,0.6708863377571106
2024-11-05,AXISBANK,0.9084733374629093,0.4743760142501173,catboost,catboost,BUY,0.9084733374629093
2024-11-05,BHARTIARTL,0.9025235186536514,0.3980165830652679,catboost,catboost,BUY,0.9025235186536514
2024-11-05,ICICIBANK,0.3224562704563141,0.4275566320422442,xgboost,catboost,HOLD,
2024-11-05,RELIANCE,0.5927910280738636,0.5,catboost,catboost,HOLD,
2024-11-05,SBIN,0.4489121266167423,0.5404457099788242,catboost,lightgbm,SELL,0.5404457099788242
2024-11-05,SUNPHARMA,0.5176392318641343,0.5235802838381035,lightgbm,lightgbm,SELL,0.5235802838381035
2024-11-05,TATAMOTORS,0.5835633388036287,0.11388294974888345,catboost,lightgbm,HOLD,
2024-11-05,TITAN,0.5091577916609943,0.47502080935481245,lightgbm,lightgbm,HOLD,
2024-11-05,ULTRACEMCO,0.5703011155128479,0.45442737916633014,xgboost,catboost,HOLD,
2024-11-06,AXISBANK,0.9339627130450932,0.4886524766229742,catboost,catboost,BUY,0.9339627130450932
2024-11-06,BHARTIARTL,0.9046908006020168,0.3980165830652679,catboost,catboost,BUY,0.9046908006020168
2024-11-06,ICICIBANK,0.25672608613967896,0.4433707362592252,xgboost,catboost,HOLD,
2024-11-06,RELIANCE,0.6650930455723579,0.5,catboost,catboost,BUY,0.6650930455723579
2024-11-06,SBIN,0.4489121266167423,0.49824687946572704,catboost,lightgbm,HOLD,
2024-11-06,SUNPHARMA,0.5176392318641343,0.510928584696942,lightgbm,lightgbm,SELL,0.510928584696942
2024-11-06,TATAMOTORS,0.5835633388036287,0.1285372319935605,catboost,lightgbm,HOLD,
2024-11-06,TITAN,0.5091577916609943,0.47502080935481245,lightgbm,lightgbm,HOLD,
2024-11-06,ULTRACEMCO,0.42495447397232056,0.4676833269562597,xgboost,catboost,HOLD,
2024-11-07,AXISBANK,0.9505322549830652,0.4886524766229742,catboost,catboost,BUY,0.9505322549830652
2024-11-07,BHARTIARTL,0.8977474341095473,0.3980165830652679,catboost,catboost,BUY,0.8977474341095473
2024-11-07,ICICIBANK,0.47858041524887085,0.33317264590002504,xgboost,catboost,HOLD,
2024-11-07,RELIANCE,0.6154988029440831,0.5,catboost,catboost,BUY,0.6154988029440831
2024-11-07,SBIN,0.4919245609161153,0.49824687946572704,catboost,lightgbm,HOLD,
2024-11-07,SUNPHARMA,0.5264661064308593,0.510928584696942,lightgbm,lightgbm,SELL,0.510928584696942
2024-11-07,TATAMOTORS,0.5835633388036287,0.12959606210331814,catboost,lightgbm,HOLD,
2024-11-07,TITAN,0.5091577916609943,0.47502080935481245,lightgbm,lightgbm,HOLD,
2024-11-07,ULTRACEMCO,0.6540403962135315,0.45442737916633014,xgboost,catboost,BUY,0.6540403962135315
2024-11-08,AXISBANK,0.9297740548617665,0.4886524766229742,catboost,catboost,BUY,0.9297740548617665
2024-11-08,BHARTIARTL,0.9054766443474819,0.3944852685316721,catboost,catboost,BUY,0.9054766443474819
2024-11-08,ICICIBANK,0.6801162958145142,0.20735556162391972,xgboost,catboost,BUY,0.6801162958145142
2024-11-08,RELIANCE,0.6833451890100785,0.5,catboost,catboost,BUY,0.6833451890100785
2024-11-08,SBIN,0.48824705672240115,0.48553528902720866,catboost,lightgbm,HOLD,
2024-11-08,SUNPHARMA,0.5264661064308593,0.510928584696942,lightgbm,lightgbm,SELL,0.510928584696942
2024-11-08,TATAMOTORS,0.5835633388036287,0.13375361499307017,catboost,lightgbm,HOLD,
2024-11-08,TITAN,0.5091577916609943,0.47502080935481245,lightgbm,lightgbm,HOLD,
2024-11-08,ULTRACEMCO,0.6911057233810425,0.5,xgboost,catboost,BUY,0.6911057233810425
2024-11-11,AXISBANK,0.9103575952656883,0.4886524766229742,catboost,catboost,BUY,0.9103575952656883
2024-11-11,BHARTIARTL,0.8986467611797992,0.3944852685316721,catboost,catboost,BUY,0.8986467611797992
2024-11-11,ICICIBANK,0.39193034172058105,0.20053431603434704,xgboost,catboost,HOLD,
2024-11-11,RELIANCE,0.6022362695439982,0.5,catboost,catboost,BUY,0.6022362695439982
2024-11-11,SBIN,0.4523809707014888,0.49824687946572704,catboost,lightgbm,HOLD,
2024-11-11,SUNPHARMA,0.5264661064308593,0.510928584696942,lightgbm,lightgbm,SELL,0.510928584696942
2024-11-11,TATAMOTORS,0.5835633388036287,0.1793839909099392,catboost,lightgbm,HOLD,
2024-11-11,TITAN,0.5091577916609943,0.47502080935481245,lightgbm,lightgbm,HOLD,
2024-11-11,ULTRACEMCO,0.675953209400177,0.5,xgboost,catboost,BUY,0.675953209400177
2024-11-12,AXISBANK,0.8681252518057924,0.4886524766229742,catboost,catboost,BUY,0.8681252518057924
2024-11-12,BHARTIARTL,0.8888156671479293,0.3944852685316721,catboost,catboost,BUY,0.8888156671479293
2024-11-12,ICICIBANK,0.4440979063510895,0.25179641404691794,xgboost,catboost,HOLD,
2024-11-12,RELIANCE,0.5697906846002354,0.5,catboost,catboost,HOLD,
2024-11-12,SBIN,0.4145641998269698,0.48553528902720866,catboost,lightgbm,HOLD,
2024-11-12,SUNPHARMA,0.5570253824294932,0.47502082099395493,lightgbm,lightgbm,HOLD,
2024-11-12,TATAMOTORS,0.5835633388036287,0.22395175641930692,catboost,lightgbm,HOLD,
2024-11-12,TITAN,0.5091577916609943,0.47502080935481245,lightgbm,lightgbm,HOLD,
2024-11-12,ULTRACEMCO,0.8462234735488892,0.5,xgboost,catboost,BUY,0.8462234735488892
2024-11-13,AXISBANK,0.92033815281024,0.4743760142501173,catboost,catboost,BUY,0.92033815281024
2024-11-13,BHARTIARTL,0.8888156671479293,0.3944852685316721,catboost,catboost,BUY,0.8888156671479293
2024-11-13,ICICIBANK,0.47041407227516174,0.2171245462630852,xgboost,catboost,HOLD,
2024-11-13,RELIANCE,0.6056930298158884,0.5,catboost,catboost,BUY,0.6056930298158884
2024-11-13,SBIN,0.4058751722635498,0.48553528902720866,catboost,lightgbm,HOLD,
2024-11-13,SUNPHARMA,0.4384043537567861,0.47502082099395493,lightgbm,lightgbm,HOLD,
2024-11-13,TATAMOTORS,0.5835633388036287,0.21566148681304048,catboost,lightgbm,HOLD,
2024-11-13,TITAN,0.5091577916609943,0.47502080935481245,lightgbm,lightgbm,HOLD,
2024-11-13,ULTRACEMCO,0.8715946078300476,0.5,xgboost,catboost,BUY,0.8715946078300476
2024-11-14,AXISBANK,0.9230651859837333,0.4743760142501173,catboost,catboost,BUY,0.9230651859837333
2024-11-14,BHARTIARTL,0.8706607344834271,0.3944852685316721,catboost,catboost,BUY,0.8706607344834271
2024-11-14,ICICIBANK,0.6458624005317688,0.21490128949975873,xgboost,catboost,BUY,0.6458624005317688
2024-11-14,RELIANCE,0.6120031365882883,0.5,catboost,catboost,BUY,0.6120031365882883
2024-11-14,SBIN,0.42304143212426154,0.48553528902720866,catboost,lightgbm,HOLD,
2024-11-14,SUNPHARMA,0.4384043537567861,0.47502082099395493,lightgbm,lightgbm,HOLD,
2024-11-14,TATAMOTORS,0.5835633388036287,0.22905863942472143,catboost,lightgbm,HOLD,
2024-11-14,TITAN,0.5091577916609943,0.47502080935481245,lightgbm,lightgbm,HOLD,
2024-11-14,ULTRACEMCO,0.8501474261283875,0.5,xgboost,catboost,BUY,0.8501474261283875
2024-11-18,AXISBANK,0.9219498737499405,0.4743760142501173,catboost,catboost,BUY,0.9219498737499405
2024-11-18,BHARTIARTL,0.8954493705181245,0.3944852685316721,catboost,catboost,BUY,0.8954493705181245
2024-11-18,ICICIBANK,0.4539760649204254,0.2632328593698162,xgboost,catboost,HOLD,
2024-11-18,RELIANCE,0.6338514596648166,0.5,catboost,catboost,BUY,0.6338514596648166
2024-11-18,SBIN,0.4043291434974857,0.49824687946572704,catboost,lightgbm,HOLD,
2024-11-18,SUNPHARMA,0.4384043537567861,0.47502082099395493,lightgbm,lightgbm,HOLD,
2024-11-18,TATAMOTORS,0.5677006148318112,0.24437960567564251,catboost,lightgbm,HOLD,
2024-11-18,TITAN,0.5091577916609943,0.4750208084390145,lightgbm,lightgbm,HOLD,
2024-11-18,ULTRACEMCO,0.830878496170044,0.5,xgboost,catboost,BUY,0.830878496170044
2024-11-19,AXISBANK,0.9487681304133498,0.4743760142501173,catboost,catboost,BUY,0.9487681304133498
2024-11-19,BHARTIARTL,0.8838303259144261,0.3944852685316721,catboost,catboost,BUY,0.8838303259144261
2024-11-19,ICICIBANK,0.5409368276596069,0.14791033361758033,xgboost,catboost,HOLD,
2024-11-19,RELIANCE,0.6828798885246118,0.5,catboost,catboost,BUY,0.6828798885246118
2024-11-19,SBIN,0.40195583675155655,0.50071402808356,catboost,lightgbm,SELL,0.50071402808356
2024-11-19,SUNPHARMA,0.641757534376789,0.47502082099395493,lightgbm,lightgbm,BUY,0.641757534376789
2024-11-19,TATAMOTORS,0.5677006148318112,0.20586223988211547,catboost,lightgbm,HOLD,
2024-11-19,TITAN,0.47502082499939974,0.4750208084390145,lightgbm,lightgbm,HOLD,
2024-11-19,ULTRACEMCO,0.8559516668319702,0.5,xgboost,catboost,BUY,0.8559516668319702
2024-11-21,AXISBANK,0.9484683127173477,0.4743760142501173,catboost,catboost,BUY,0.9484683127173477
2024-11-21,BHARTIARTL,0.8858046048398608,0.3944852685316721,catboost,catboost,BUY,0.8858046048398608
2024-11-21,ICICIBANK,0.5592876672744751,0.14928677745484525,xgboost,catboost,HOLD,
2024-11-21,RELIANCE,0.594292227841134,0.5,catboost,catboost,HOLD,
2024-11-21,SBIN,0.5094669139273799,0.48553528902720866,catboost,lightgbm,HOLD,
2024-11-21,SUNPHARMA,0.5671282962997738,0.47502082099395493,lightgbm,lightgbm,HOLD,
2024-11-21,TATAMOTORS,0.5677006148318112,0.19173279310305105,catboost,lightgbm,HOLD,
2024-11-21,TITAN,0.5091577916609943,0.4750208084390145,lightgbm,lightgbm,HOLD,
2024-11-21,ULTRACEMCO,0.7210917472839355,0.5,xgboost,catboost,BUY,0.7210917472839355
2024-11-22,AXISBANK,0.941743870724303,0.4743760142501173,catboost,catboost,BUY,0.941743870724303
2024-11-22,BHARTIARTL,0.8309287620505553,0.3980165830652679,catboost,catboost,BUY,0.8309287620505553
2024-11-22,ICICIBANK,0.530596911907196,0.10865028106024008,xgboost,catboost,HOLD,
2024-11-22,RELIANCE,0.6645038468427816,0.5,catboost,catboost,BUY,0.6645038468427816
2024-11-22,SBIN,0.4513298641700099,0.48553528902720866,catboost,lightgbm,HOLD,
2024-11-22,SUNPHARMA,0.6599274622104376,0.47502082099395493,lightgbm,lightgbm,BUY,0.6599274622104376
2024-11-22,TATAMOTORS,0.5666870085932463,0.1669289192669111,catboost,lightgbm,HOLD,
2024-11-22,TITAN,0.47502082499939974,0.5235967946923562,lightgbm,lightgbm,SELL,0.5235967946923562
2024-11-22,ULTRACEMCO,0.5933114290237427,0.45442737916633014,xgboost,catboost,HOLD,
2024-11-25,AXISBANK,0.9509993142124523,0.4743760142501173,catboost,catboost,BUY,0.9509993142124523
2024-11-25,BHARTIARTL,0.6905176613312213,0.5305871059313875,catboost,catboost,SELL,0.5305871059313875
2024-11-25,ICICIBANK,0.48486658930778503,0.27791487339293763,xgboost,catboost,HOLD,
2024-11-25,RELIANCE,0.437379092600842,0.5,catboost,catboost,HOLD,
2024-11-25,SBIN,0.46135352300366345,0.48553528902720866,catboost,lightgbm,HOLD,
2024-11-25,SUNPHARMA,0.6531116636233579,0.47502082099395493,lightgbm,lightgbm,BUY,0.6531116636233579
2024-11-25,TATAMOTORS,0.5666870085932463,0.1807560656641199,catboost,lightgbm,HOLD,
2024-11-25,TITAN,0.47502082499939974,0.5235967946923562,lightgbm,lightgbm,SELL,0.5235967946923562
2024-11-25,ULTRACEMCO,0.5567709803581238,0.45442737916633014,xgboost,catboost,HOLD,
2024-11-26,AXISBANK,0.9130722219090364,0.4743760142501173,catboost,catboost,BUY,0.9130722219090364
2024-11-26,BHARTIARTL,0.6197959813660059,0.5025752704106456,catboost,catboost,SELL,0.5025752704106456
2024-11-26,ICICIBANK,0.5064147710800171,0.26242266148727283,xgboost,catboost,HOLD,
2024-11-26,RELIANCE,0.45036172648002515,0.5,catboost,catboost,HOLD,
2024-11-26,SBIN,0.4446798648431786,0.48553528902720866,catboost,lightgbm,HOLD,
2024-11-26,SUNPHARMA,0.6787377075276609,0.47502082099395493,lightgbm,lightgbm,BUY,0.6787377075276609
2024-11-26,TATAMOTORS,0.5666870085932463,0.1730455529756207,catboost,lightgbm,HOLD,
2024-11-26,TITAN,0.47502082499939974,0.5235967946923562,lightgbm,lightgbm,SELL,0.5235967946923562
2024-11-26,ULTRACEMCO,0.7992243766784668,0.5,xgboost,catboost,BUY,0.7992243766784668
2024-11-27,AXISBANK,0.8991491307369274,0.4886524766229742,catboost,catboost,BUY,0.8991491307369274
2024-11-27,BHARTIARTL,0.5746055573963235,0.5025752704106456,catboost,catboost,SELL,0.5025752704106456
2024-11-27,ICICIBANK,0.7170084714889526,0.23023181760381314,xgboost,catboost,BUY,0.7170084714889526
2024-11-27,RELIANCE,0.4654784164357905,0.5,catboost,catboost,HOLD,
2024-11-27,SBIN,0.4291468222431933,0.49824687946572704,catboost,lightgbm,HOLD,
2024-11-27,SUNPHARMA,0.5988109966301128,0.510928584696942,lightgbm,lightgbm,SELL,0.510928584696942
2024-11-27,TATAMOTORS,0.551251437970782,0.1705715543950873,catboost,lightgbm,HOLD,
2024-11-27,TITAN,0.47502082499939974,0.5235967946923562,lightgbm,lightgbm,SELL,0.5235967946923562
2024-11-27,ULTRACEMCO,0.7222541570663452,0.5,xgboost,catboost,BUY,0.7222541570663452
2024-11-28,AXISBANK,0.9082986218678553,0.4743760142501173,catboost,catboost,BUY,0.9082986218678553
2024-11-28,BHARTIARTL,0.5415331306595058,0.454127503777396,catboost,catboost,HOLD,
2024-11-28,ICICIBANK,0.848127007484436,0.2252699189658279,xgboost,catboost,BUY,0.848127007484436
2024-11-28,RELIANCE,0.4791945000632005,0.5,catboost,catboost,HOLD,
2024-11-28,SBIN,0.4446798648431786,0.5228255569031826,catboost,lightgbm,SELL,0.5228255569031826
2024-11-28,SUNPHARMA,0.6523279740405193,0.510928584696942,lightgbm,lightgbm,SELL,0.510928584696942
2024-11-28,TATAMOTORS,0.551251437970782,0.1705715543950873,catboost,lightgbm,HOLD,
2024-11-28,TITAN,0.47502082499939974,0.5219202088126316,lightgbm,lightgbm,SELL,0.5219202088126316
2024-11-28,ULTRACEMCO,0.8283168077468872,0.5,xgboost,catboost,BUY,0.8283168077468872
2024-11-29,AXISBANK,0.8901350641380986,0.4743760142501173,catboost,catboost,BUY,0.8901350641380986
2024-11-29,BHARTIARTL,0.5557564576228452,0.4712107907010573,catboost,catboost,HOLD,
2024-11-29,ICICIBANK,0.7468318343162537,0.26098597612414964,xgboost,catboost,BUY,0.7468318343162537
2024-11-29,RELIANCE,0.4029515076031618,0.5,catboost,catboost,HOLD,
2024-11-29,SBIN,0.4214380040371684,0.49824687946572704,catboost,lightgbm,HOLD,
2024-11-29,SUNPHARMA,0.5634812461803005,0.510928584696942,lightgbm,lightgbm,SELL,0.510928584696942
2024-11-29,TATAMOTORS,0.551251437970782,0.18824725914275106,catboost,lightgbm,HOLD,
2024-11-29,TITAN,0.47502082499939974,0.5219202088126316,lightgbm,lightgbm,SELL,0.5219202088126316
2024-11-29,ULTRACEMCO,0.8317017555236816,0.5,xgboost,catboost,BUY,0.8317017555236816
2024-12-02,AXISBANK,0.918166235755137,0.4743760142501173,catboost,catboost,BUY,0.918166235755137
2024-12-02,BHARTIARTL,0.37941512895282564,0.45844450612179605,catboost,catboost,HOLD,
2024-12-02,ICICIBANK,0.652253270149231,0.2555269163156028,xgboost,catboost,BUY,0.652253270149231
2024-12-02,RELIANCE,0.45843225777714663,0.5,catboost,catboost,HOLD,
2024-12-02,SBIN,0.425231705403503,0.49824687946572704,catboost,lightgbm,HOLD,
2024-12-02,SUNPHARMA,0.33479901361778525,0.510928584696942,lightgbm,lightgbm,SELL,0.510928584696942
2024-12-02,TATAMOTORS,0.5672576505572098,0.11107030823314512,catboost,lightgbm,HOLD,
2024-12-02,TITAN,0.47502082499939974,0.5235967946923562,lightgbm,lightgbm,SELL,0.5235967946923562
2024-12-02,ULTRACEMCO,0.6335198879241943,0.4676833269562597,xgboost,catboost,BUY,0.6335198879241943
2024-12-03,AXISBANK,0.7515055023646565,0.4743760142501173,catboost,catboost,BUY,0.7515055023646565
2024-12-03,BHARTIARTL,0.4257390567665115,0.45844450612179605,catboost,catboost,HOLD,
2024-12-03,ICICIBANK,0.6895866394042969,0.27768039653304516,xgboost,catboost,BUY,0.6895866394042969
2024-12-03,RELIANCE,0.38430411862609015,0.5,catboost,catboost,HOLD,
2024-12-03,SBIN,0.425231705403503,0.49824687946572704,catboost,lightgbm,HOLD,
2024-12-03,SUNPHARMA,0.3607965164061212,0.510928584696942,lightgbm,lightgbm,SELL,0.510928584696942
2024-12-03,TATAMOTORS,0.5672576505572098,0.09427145685963735,catboost,lightgbm,HOLD,
2024-12-03,TITAN,0.47502082499939974,0.5235967946923562,lightgbm,lightgbm,SELL,0.5235967946923562
2024-12-03,ULTRACEMCO,0.7266051769256592,0.4676833269562597,xgboost,catboost,BUY,0.7266051769256592
2024-12-04,AXISBANK,0.6664449305431236,0.4743760142501173,catboost,catboost,BUY,0.6664449305431236
2024-12-04,BHARTIARTL,0.37761802806668276,0.45844450612179605,catboost,catboost,HOLD,
2024-12-04,ICICIBANK,0.6371818780899048,0.31524541635195363,xgboost,catboost,BUY,0.6371818780899048
2024-12-04,RELIANCE,0.33212557677504834,0.5,catboost,catboost,HOLD,
2024-12-04,SBIN,0.4797843837125289,0.49824687946572704,catboost,lightgbm,HOLD,
2024-12-04,SUNPHARMA,0.30212684902900466,0.510928584696942,lightgbm,lightgbm,SELL,0.510928584696942
2024-12-04,TATAMOTORS,0.5672576505572098,0.07950637662268141,catboost,lightgbm,HOLD,
2024-12-04,TITAN,0.47502082499939974,0.5235967946923562,lightgbm,lightgbm,SELL,0.5235967946923562
2024-12-04,ULTRACEMCO,0.6898496747016907,0.4570852719194917,xgboost,catboost,BUY,0.6898496747016907
2024-12-05,AXISBANK,0.3731458405064471,0.4886524766229742,catboost,catboost,HOLD,
2024-12-05,BHARTIARTL,0.2951714051430202,0.4852891137517861,catboost,catboost,HOLD,
2024-12-05,ICICIBANK,0.42694029211997986,0.3644237631456679,xgboost,catboost,HOLD,
2024-12-05,RELIANCE,0.2314324868110742,0.5,catboost,catboost,HOLD,
2024-12-05,SBIN,0.462581689896941,0.49824687946572704,catboost,lightgbm,HOLD,
2024-12-05,SUNPHARMA,0.26635665412760234,0.519854233527687,lightgbm,lightgbm,SELL,0.519854233527687
2024-12-05,TATAMOTORS,0.5672576505572098,0.08982225038340853,catboost,lightgbm,HOLD,
2024-12-05,TITAN,0.47502082499939974,0.5235967946923562,lightgbm,lightgbm,SELL,0.5235967946923562
2024-12-05,ULTRACEMCO,0.6450363993644714,0.4570852719194917,xgboost,catboost,BUY,0.6450363993644714
2024-12-06,AXISBANK,0.2621114838394514,0.4743760142501173,catboost,catboost,HOLD,
2024-12-06,BHARTIARTL,0.3398572931803845,0.4852891137517861,catboost,catboost,HOLD,
2024-12-06,ICICIBANK,0.6856334209442139,0.3644237631456679,xgboost,catboost,BUY,0.6856334209442139
2024-12-06,RELIANCE,0.29802337615011154,0.5,catboost,catboost,HOLD,
2024-12-06,SBIN,0.39292161155583183,0.49824687946572704,catboost,lightgbm,HOLD,
2024-12-06,SUNPHARMA,0.27241328447822455,0.519854233527687,lightgbm,lightgbm,SELL,0.519854233527687
2024-12-06,TATAMOTORS,0.5672576505572098,0.1285821493088971,catboost,lightgbm,HOLD,
2024-12-06,TITAN,0.47502082499939974,0.5235967946923562,lightgbm,lightgbm,SELL,0.5235967946923562
2024-12-06,ULTRACEMCO,0.7250364422798157,0.4570852719194917,xgboost,catboost,BUY,0.7250364422798157
2024-12-09,AXISBANK,0.45375930729022973,0.4743760142501173,catboost,catboost,HOLD,
2024-12-09,BHARTIARTL,0.36735565190441977,0.44414579924261927,catboost,catboost,HOLD,
2024-12-09,ICICIBANK,0.7311218976974487,0.3657322921732234,xgboost,catboost,BUY,0.7311218976974487
2024-12-09,RELIANCE,0.36648341647857824,0.5,catboost,catboost,HOLD,
2024-12-09,SBIN,0.39292161155583183,0.49824687946572704,catboost,lightgbm,HOLD,
2024-12-09,SUNPHARMA,0.27241328447822455,0.519854233527687,lightgbm,lightgbm,SELL,0.519854233527687
2024-12-09,TATAMOTORS,0.5672576505572098,0.12928015772053056,catboost,lightgbm,HOLD,
2024-12-09,TITAN,0.47502082499939974,0.5014449200758024,lightgbm,lightgbm,SELL,0.5014449200758024
2024-12-09,ULTRACEMCO,0.6511169075965881,0.5333432390973863,xgboost,catboost,SELL,0.5333432390973863
2024-12-10,AXISBANK,0.7667262654546027,0.4743760142501173,catboost,catboost,BUY,0.7667262654546027
2024-12-10,BHARTIARTL,0.31601677511896115,0.43832288955445026,catboost,catboost,HOLD,
2024-12-10,ICICIBANK,0.20859061181545258,0.4270271039436134,xgboost,catboost,HOLD,
2024-12-10,RELIANCE,0.34446312300980436,0.5,catboost,catboost,HOLD,
2024-12-10,SBIN,0.39292161155583183,0.49824687946572704,catboost,lightgbm,HOLD,
2024-12-10,SUNPHARMA,0.27241328447822455,0.519854233527687,lightgbm,lightgbm,SELL,0.519854233527687
2024-12-10,TATAMOTORS,0.5672576505572098,0.12713851340629076,catboost,lightgbm,HOLD,
2024-12-10,TITAN,0.47502082499939974,0.5014449200758024,lightgbm,lightgbm,SELL,0.5014449200758024
2024-12-10,ULTRACEMCO,0.7642912268638611,0.4570852719194917,xgboost,catboost,BUY,0.7642912268638611
2024-12-11,AXISBANK,0.8601370128897027,0.4743760142501173,catboost,catboost,BUY,0.8601370128897027
2024-12-11,BHARTIARTL,0.3395100392389092,0.40142637112572604,catboost,catboost,HOLD,
2024-12-11,ICICIBANK,0.5306100249290466,0.3828926904636636,xgboost,catboost,HOLD,
2024-12-11,RELIANCE,0.32042939584056523,0.5,catboost,catboost,HOLD,
2024-12-11,SBIN,0.39292161155583183,0.49824687946572704,catboost,lightgbm,HOLD,
2024-12-11,SUNPHARMA,0.2956780574180877,0.510928584696942,lightgbm,lightgbm,SELL,0.510928584696942
2024-12-11,TATAMOTORS,0.5672576505572098,0.13238881733825997,catboost,lightgbm,HOLD,
2024-12-11,TITAN,0.47502082499939974,0.5014449200758024,lightgbm,lightgbm,SELL,0.5014449200758024
2024-12-11,ULTRACEMCO,0.622221052646637,0.4570852719194917,xgboost,catboost,BUY,0.622221052646637
2024-12-12,AXISBANK,0.8285283946261552,0.4743760142501173,catboost,catboost,BUY,0.8285283946261552
2024-12-12,BHARTIARTL,0.3069372520319948,0.4434032146665104,catboost,catboost,HOLD,
2024-12-12,ICICIBANK,0.7143949866294861,0.40496528372002644,xgboost,catboost,BUY,0.7143949866294861
2024-12-12,RELIANCE,0.37952573110370585,0.5,catboost,catboost,HOLD,
2024-12-12,SBIN,0.4090374523545807,0.49824687946572704,catboost,lightgbm,HOLD,
2024-12-12,SUNPHARMA,0.2871306456410795,0.510928584696942,lightgbm,lightgbm,SELL,0.510928584696942
2024-12-12,TATAMOTORS,0.5672576505572098,0.10483243338029068,catboost,lightgbm,HOLD,
2024-12-12,TITAN,0.47502082499939974,0.5014449200758024,lightgbm,lightgbm,SELL,0.5014449200758024
2024-12-12,ULTRACEMCO,0.6203158497810364,0.4570852719194917,xgboost,catboost,BUY,0.6203158497810364
2024-12-13,AXISBANK,0.8424353023134585,0.4743760142501173,catboost,catboost,BUY,0.8424353023134585
2024-12-13,BHARTIARTL,0.3634920278278864,0.4712107907010573,catboost,catboost,HOLD,
2024-12-13,ICICIBANK,0.4841364026069641,0.3973638826339697,xgboost,catboost,HOLD,
2024-12-13,RELIANCE,0.43852310854296334,0.5,catboost,catboost,HOLD,
2024-12-13,SBIN,0.4090374523545807,0.49824687946572704,catboost,lightgbm,HOLD,
2024-12-13,SUNPHARMA,0.25834595340539634,0.519854233527687,lightgbm,lightgbm,SELL,0.519854233527687
2024-12-13,TATAMOTORS,0.6040425222497149,0.09503996958927999,catboost,lightgbm,BUY,0.6040425222497149
2024-12-13,TITAN,0.47502082499939974,0.5014449200758024,lightgbm,lightgbm,SELL,0.5014449200758024
2024-12-13,ULTRACEMCO,0.40418732166290283,0.4570852719194917,xgboost,catboost,HOLD,
2024-12-16,AXISBANK,0.8223101818385833,0.4743760142501173,catboost,catboost,BUY,0.8223101818385833
2024-12-16,BHARTIARTL,0.48939009575044706,0.5715049604056999,catboost,catboost,SELL,0.5715049604056999
2024-12-16,ICICIBANK,0.3316899538040161,0.5016631000110705,xgboost,catboost,SELL,0.5016631000110705
2024-12-16,RELIANCE,0.49597481287517464,0.5,catboost,catboost,HOLD,
2024-12-16,SBIN,0.39292161155583183,0.49824687946572704,catboost,lightgbm,HOLD,
2024-12-16,SUNPHARMA,0.27490163495222164,0.519854233527687,lightgbm,lightgbm,SELL,0.519854233527687
2024-12-16,TATAMOTORS,0.6040425222497149,0.09503996958927999,catboost,lightgbm,BUY,0.6040425222497149
2024-12-16,TITAN,0.47502082499939974,0.4750208092353606,lightgbm,lightgbm,HOLD,
2024-12-16,ULTRACEMCO,0.5347837805747986,0.5333432390973863,xgboost,catboost,SELL,0.5333432390973863
2024-12-17,AXISBANK,0.8116705111695992,0.4743760142501173,catboost,catboost,BUY,0.8116705111695992
2024-12-17,BHARTIARTL,0.42212602227003454,0.44365487993075914,catboost,catboost,HOLD,
2024-12-17,ICICIBANK,0.877434492111206,0.40012296116045876,xgboost,catboost,BUY,0.877434492111206
2024-12-17,RELIANCE,0.7215090951082311,0.5,catboost,catboost,BUY,0.7215090951082311
2024-12-17,SBIN,0.4090374523545807,0.49824687946572704,catboost,lightgbm,HOLD,
2024-12-17,SUNPHARMA,0.30222344069479784,0.519854233527687,lightgbm,lightgbm,SELL,0.519854233527687
2024-12-17,TATAMOTORS,0.5889761764129512,0.09342234887504211,catboost,lightgbm,HOLD,
2024-12-17,TITAN,0.47502082499939974,0.5118630770852417,lightgbm,lightgbm,SELL,0.5118630770852417
2024-12-17,ULTRACEMCO,0.5751482844352722,0.5333432390973863,xgboost,catboost,SELL,0.5333432390973863
2024-12-18,AXISBANK,0.8901474981991156,0.4743760142501173,catboost,catboost,BUY,0.8901474981991156
2024-12-18,BHARTIARTL,0.42546663233856447,0.3933100856237608,catboost,catboost,HOLD,
2024-12-18,ICICIBANK,0.860414445400238,0.20080364557301317,xgboost,catboost,BUY,0.860414445400238
2024-12-18,RELIANCE,0.3487842035656059,0.5,catboost,catboost,HOLD,
2024-12-18,SBIN,0.4090374523545807,0.49824687946572704,catboost,lightgbm,HOLD,
2024-12-18,SUNPHARMA,0.2758370607744543,0.519854233527687,lightgbm,lightgbm,SELL,0.519854233527687
2024-12-18,TATAMOTORS,0.551251437970782,0.12257891596395322,catboost,lightgbm,HOLD,
2024-12-18,TITAN,0.47502082499939974,0.5118630770852417,lightgbm,lightgbm,SELL,0.5118630770852417
2024-12-18,ULTRACEMCO,0.562433660030365,0.5333432390973863,xgboost,catboost,SELL,0.5333432390973863
2024-12-19,AXISBANK,0.9366149426017399,0.4743760142501173,catboost,catboost,BUY,0.9366149426017399
2024-12-19,BHARTIARTL,0.42396288081653905,0.3748401404043588,catboost,catboost,HOLD,
2024-12-19,ICICIBANK,0.7738267183303833,0.2785703819294334,xgboost,catboost,BUY,0.7738267183303833
2024-12-19,RELIANCE,0.6260376984151765,0.5,catboost,catboost,BUY,0.6260376984151765
2024-12-19,SBIN,0.36598304263207354,0.49824687946572704,catboost,lightgbm,HOLD,
2024-12-19,SUNPHARMA,0.4231739936016389,0.519854233527687,lightgbm,lightgbm,SELL,0.519854233527687
2024-12-19,TATAMOTORS,0.5522726238149995,0.1009189619418268,catboost,lightgbm,HOLD,
2024-12-19,TITAN,0.47502082499939974,0.4750208084390145,lightgbm,lightgbm,HOLD,
2024-12-19,ULTRACEMCO,0.7425836324691772,0.5333432390973863,xgboost,catboost,SELL,0.5333432390973863
2024-12-20,AXISBANK,0.9440780292986559,0.4743760142501173,catboost,catboost,BUY,0.9440780292986559
2024-12-20,BHARTIARTL,0.4979056600381485,0.3389419379593887,catboost,catboost,HOLD,
2024-12-20,ICICIBANK,0.6552656292915344,0.293329796349434,xgboost,catboost,BUY,0.6552656292915344
2024-12-20,RELIANCE,0.8499953374254057,0.5,catboost,catboost,BUY,0.8499953374254057
2024-12-20,SBIN,0.3854759151830787,0.4830705701638933,catboost,lightgbm,HOLD,
2024-12-20,SUNPHARMA,0.4892692964472329,0.519854233527687,lightgbm,lightgbm,SELL,0.519854233527687
2024-12-20,TATAMOTORS,0.5522726238149995,0.11763302313767052,catboost,lightgbm,HOLD,
2024-12-20,TITAN,0.47502082499939974,0.5118630770852417,lightgbm,lightgbm,SELL,0.5118630770852417
2024-12-20,ULTRACEMCO,0.8647686839103699,0.5,xgboost,catboost,BUY,0.8647686839103699
2024-12-23,AXISBANK,0.9545164690980338,0.4743760142501173,catboost,catboost,BUY,0.9545164690980338
2024-12-23,BHARTIARTL,0.4662990718867496,0.3748401404043588,catboost,catboost,HOLD,
2024-12-23,ICICIBANK,0.6756572723388672,0.31229354789084657,xgboost,catboost,BUY,0.6756572723388672
2024-12-23,RELIANCE,0.8263736495255529,0.5,catboost,catboost,BUY,0.8263736495255529
2024-12-23,SBIN,0.4342956751224161,0.49824687946572704,catboost,lightgbm,HOLD,
2024-12-23,SUNPHARMA,0.49073913820854614,0.519854233527687,lightgbm,lightgbm,SELL,0.519854233527687
2024-12-23,TATAMOTORS,0.5677006148318112,0.10332350564050108,catboost,lightgbm,HOLD,
2024-12-23,TITAN,0.47502082499939974,0.5118630770852417,lightgbm,lightgbm,SELL,0.5118630770852417
2024-12-23,ULTRACEMCO,0.8606399893760681,0.5,xgboost,catboost,BUY,0.8606399893760681
2024-12-24,AXISBANK,0.9695123928980769,0.4743760142501173,catboost,catboost,BUY,0.9695123928980769
2024-12-24,BHARTIARTL,0.4790805402507027,0.40142637112572604,catboost,catboost,HOLD,
2024-12-24,ICICIBANK,0.6652396321296692,0.36186033560761244,xgboost,catboost,BUY,0.6652396321296692
2024-12-24,RELIANCE,0.893133937338692,0.5,catboost,catboost,BUY,0.893133937338692
2024-12-24,SBIN,0.4342956751224161,0.4830705701638933,catboost,lightgbm,HOLD,
2024-12-24,SUNPHARMA,0.4943019996519296,0.519854233527687,lightgbm,lightgbm,SELL,0.519854233527687
2024-12-24,TATAMOTORS,0.5677006148318112,0.10332350564050108,catboost,lightgbm,HOLD,
2024-12-24,TITAN,0.47502082499939974,0.5118630770852417,lightgbm,lightgbm,SELL,0.5118630770852417
2024-12-24,ULTRACEMCO,0.8836795091629028,0.5,xgboost,catboost,BUY,0.8836795091629028
2024-12-26,AXISBANK,0.9725570557159957,0.4743760142501173,catboost,catboost,BUY,0.9725570557159957
2024-12-26,BHARTIARTL,0.35156626497179516,0.46739832376573637,catboost,catboost,HOLD,
2024-12-26,ICICIBANK,0.7623589634895325,0.36012521671813524,xgboost,catboost,BUY,0.7623589634895325
2024-12-26,RELIANCE,0.9105971535670794,0.5,catboost,catboost,BUY,0.9105971535670794
2024-12-26,SBIN,0.4750996600954365,0.4507597747163435,catboost,lightgbm,HOLD,
2024-12-26,SUNPHARMA,0.542141278263993,0.519854233527687,lightgbm,lightgbm,SELL,0.519854233527687
2024-12-26,TATAMOTORS,0.5677006148318112,0.0995626452139327,catboost,lightgbm,HOLD,
2024-12-26,TITAN,0.47502082499939974,0.5118630770852417,lightgbm,lightgbm,SELL,0.5118630770852417
2024-12-26,ULTRACEMCO,0.866280198097229,0.45442737916633014,xgboost,catboost,BUY,0.866280198097229
2024-12-27,AXISBANK,0.9671142531993498,0.4743760142501173,catboost,catboost,BUY,0.9671142531993498
2024-12-27,BHARTIARTL,0.34163428653717715,0.46739832376573637,catboost,catboost,HOLD,
2024-12-27,ICICIBANK,0.7129292488098145,0.33377250985558765,xgboost,catboost,BUY,0.7129292488098145
2024-12-27,RELIANCE,0.8921074097537484,0.5,catboost,catboost,BUY,0.8921074097537484
2024-12-27,SBIN,0.5796954704563336,0.4513439971313487,catboost,lightgbm,HOLD,
2024-12-27,SUNPHARMA,0.49781439804757616,0.519854233527687,lightgbm,lightgbm,SELL,0.519854233527687
2024-12-27,TATAMOTORS,0.5677006148318112,0.13486275192165598,catboost,lightgbm,HOLD,
2024-12-27,TITAN,0.47502082499939974,0.5118630770852417,lightgbm,lightgbm,SELL,0.5118630770852417
2024-12-27,ULTRACEMCO,0.8602888584136963,0.45442737916633014,xgboost,catboost,BUY,0.8602888584136963
2024-12-30,AXISBANK,0.9480168462616698,0.4743760142501173,catboost,catboost,BUY,0.9480168462616698
2024-12-30,BHARTIARTL,0.3731168884960611,0.4788054332398929,catboost,catboost,HOLD,
2024-12-30,ICICIBANK,0.6637033820152283,0.364208163949385,xgboost,catboost,BUY,0.6637033820152283
2024-12-30,RELIANCE,0.9432144880137809,0.5,catboost,catboost,BUY,0.9432144880137809
2024-12-30,SBIN,0.5846177818256493,0.4513439971313487,catboost,lightgbm,HOLD,
2024-12-30,SUNPHARMA,0.3628348569233807,0.519854233527687,lightgbm,lightgbm,SELL,0.519854233527687
2024-12-30,TATAMOTORS,0.5677006148318112,0.10902148181282363,catboost,lightgbm,HOLD,
2024-12-30,TITAN,0.47502082499939974,0.4750208084390145,lightgbm,lightgbm,HOLD,
2024-12-30,ULTRACEMCO,0.8470006585121155,0.45442737916633014,xgboost,catboost,BUY,0.8470006585121155
2024-12-31,AXISBANK,0.9454824548022803,0.4743760142501173,catboost,catboost,BUY,0.9454824548022803
2024-12-31,BHARTIARTL,0.6341351543360298,0.42735372235179314,catboost,catboost,BUY,0.6341351543360298
2024-12-31,ICICIBANK,0.6567871570587158,0.3375359957729873,xgboost,catboost,BUY,0.6567871570587158
2024-12-31,RELIANCE,0.9621696888656452,0.5,catboost,catboost,BUY,0.9621696888656452
2024-12-31,SBIN,0.5796954704563336,0.4513439971313487,catboost,lightgbm,HOLD,
2024-12-31,SUNPHARMA,0.3530478847567774,0.519854233527687,lightgbm,lightgbm,SELL,0.519854233527687
2024-12-31,TATAMOTORS,0.5677006148318112,0.13057174758269438,catboost,lightgbm,HOLD,
2024-12-31,TITAN,0.4934348386591915,0.4750208084390145,lightgbm,lightgbm,HOLD,
2024-12-31,ULTRACEMCO,0.8191652894020081,0.45442737916633014,xgboost,catboost,BUY,0.8191652894020081
2025-01-01,AXISBANK,0.9694735923049592,0.4743760142501173,catboost,catboost,BUY,0.9694735923049592
2025-01-01,BHARTIARTL,0.562231558527026,0.4311087402883725,catboost,catboost,HOLD,
2025-01-01,ICICIBANK,0.6320679783821106,0.3345659005886148,xgboost,catboost,BUY,0.6320679783821106
2025-01-01,RELIANCE,0.8449590855304845,0.5,catboost,catboost,BUY,0.8449590855304845
2025-01-01,SBIN,0.5450530603656215,0.4513439971313487,catboost,lightgbm,HOLD,
2025-01-01,SUNPHARMA,0.28610135860742825,0.519854233527687,lightgbm,lightgbm,SELL,0.519854233527687
2025-01-01,TATAMOTORS,0.5937048584196544,0.110432864736332,catboost,lightgbm,HOLD,
2025-01-01,TITAN,0.4934348386591915,0.4750208084390145,lightgbm,lightgbm,HOLD,
2025-01-01,ULTRACEMCO,0.7555455565452576,0.4859087399200722,xgboost,catboost,BUY,0.7555455565452576
2025-01-02,AXISBANK,0.9487662653662705,0.4743760142501173,catboost,catboost,BUY,0.9487662653662705
2025-01-02,BHARTIARTL,0.5542203371159885,0.44428638940729376,catboost,catboost,HOLD,
2025-01-02,ICICIBANK,0.5777910947799683,0.4108821232339273,xgboost,catboost,HOLD,
2025-01-02,RELIANCE,0.6763130675292345,0.5,catboost,catboost,BUY,0.6763130675292345
2025-01-02,SBIN,0.5427224547888555,0.4784217730621492,catboost,lightgbm,HOLD,
2025-01-02,SUNPHARMA,0.30096510396902054,0.519854233527687,lightgbm,lightgbm,SELL,0.519854233527687
2025-01-02,TATAMOTORS,0.5937048584196544,0.11836802539133935,catboost,lightgbm,HOLD,
2025-01-02,TITAN,0.4934348386591915,0.5118630770852417,lightgbm,lightgbm,SELL,0.5118630770852417
2025-01-02,ULTRACEMCO,0.7307625412940979,0.4859087399200722,xgboost,catboost,BUY,0.7307625412940979
2025-01-03,AXISBANK,0.9542663843940138,0.4743760142501173,catboost,catboost,BUY,0.9542663843940138
2025-01-03,BHARTIARTL,0.5752484607545381,0.45699110985456154,catboost,catboost,HOLD,
2025-01-03,ICICIBANK,0.6808676719665527,0.19337542428740978,xgboost,catboost,BUY,0.6808676719665527
2025-01-03,RELIANCE,0.34781709771080704,0.5,catboost,catboost,HOLD,
2025-01-03,SBIN,0.5393547567382913,0.4784217730621492,catboost,lightgbm,HOLD,
2025-01-03,SUNPHARMA,0.38162456723633986,0.519854233527687,lightgbm,lightgbm,SELL,0.519854233527687
2025-01-03,TATAMOTORS,0.5606046888726822,0.07497905132738596,catboost,lightgbm,HOLD,
2025-01-03,TITAN,0.4934348386591915,0.5235967946923562,lightgbm,lightgbm,SELL,0.5235967946923562
2025-01-03,ULTRACEMCO,0.6644803881645203,0.4859087399200722,xgboost,catboost,BUY,0.6644803881645203
2025-01-06,AXISBANK,0.9379094363901708,0.4743760142501173,catboost,catboost,BUY,0.9379094363901708
2025-01-06,BHARTIARTL,0.6220608426194872,0.36695971527090543,catboost,catboost,BUY,0.6220608426194872
2025-01-06,ICICIBANK,0.7951388955116272,0.2195106875686892,xgboost,catboost,BUY,0.7951388955116272
2025-01-06,RELIANCE,0.4825481425128883,0.4950618836137079,catboost,catboost,HOLD,
2025-01-06,SBIN,0.5393547567382913,0.4784217730621492,catboost,lightgbm,HOLD,
2025-01-06,SUNPHARMA,0.32386455115269824,0.519854233527687,lightgbm,lightgbm,SELL,0.519854233527687
2025-01-06,TATAMOTORS,0.5937048584196544,0.14989162979454315,catboost,lightgbm,HOLD,
2025-01-06,TITAN,0.4934348386591915,0.5235967946923562,lightgbm,lightgbm,SELL,0.5235967946923562
2025-01-06,ULTRACEMCO,0.7098463177680969,0.44147960216291154,xgboost,catboost,BUY,0.7098463177680969
2025-01-07,AXISBANK,0.9617213173791307,0.4743760142501173,catboost,catboost,BUY,0.9617213173791307
2025-01-07,BHARTIARTL,0.5854872706636955,0.4060572427290872,catboost,catboost,HOLD,
2025-01-07,ICICIBANK,0.8148691058158875,0.21925712788105922,xgboost,catboost,BUY,0.8148691058158875
2025-01-07,RELIANCE,0.2900484989725016,0.5,catboost,catboost,HOLD,
2025-01-07,SBIN,0.5393547567382913,0.4784217730621492,catboost,lightgbm,HOLD,
2025-01-07,SUNPHARMA,0.32386455115269824,0.519854233527687,lightgbm,lightgbm,SELL,0.519854233527687
2025-01-07,TATAMOTORS,0.5606046888726822,0.11356026377942031,catboost,lightgbm,HOLD,
2025-01-07,TITAN,0.4934348386591915,0.5235967946923562,lightgbm,lightgbm,SELL,0.5235967946923562
2025-01-07,ULTRACEMCO,0.7786200046539307,0.44147960216291154,xgboost,catboost,BUY,0.7786200046539307
2025-01-08,AXISBANK,0.905698283935426,0.4743760142501173,catboost,catboost,BUY,0.905698283935426
2025-01-08,BHARTIARTL,0.6074731928117881,0.4082150917298191,catboost,catboost,BUY,0.6074731928117881
2025-01-08,ICICIBANK,0.8202353715896606,0.18788309989661187,xgboost,catboost,BUY,0.8202353715896606
2025-01-08,RELIANCE,0.11839434231693469,0.4950618836137079,catboost,catboost,HOLD,
2025-01-08,SBIN,0.5393547567382913,0.4784217730621492,catboost,lightgbm,HOLD,
2025-01-08,SUNPHARMA,0.34667650230009445,0.510928584696942,lightgbm,lightgbm,SELL,0.510928584696942
2025-01-08,TATAMOTORS,0.5451263677963515,0.10331435229541147,catboost,lightgbm,HOLD,
2025-01-08,TITAN,0.4934348386591915,0.5235967946923562,lightgbm,lightgbm,SELL,0.5235967946923562
2025-01-08,ULTRACEMCO,0.7736991047859192,0.44147960216291154,xgboost,catboost,BUY,0.7736991047859192
2025-01-09,AXISBANK,0.9353067876041055,0.4743760142501173,catboost,catboost,BUY,0.9353067876041055
2025-01-09,BHARTIARTL,0.5749809725244069,0.43758690389592925,catboost,catboost,HOLD,
2025-01-09,ICICIBANK,0.8078677654266357,0.16836944858209651,xgboost,catboost,BUY,0.8078677654266357
2025-01-09,RELIANCE,0.1072587746783195,0.4950618836137079,catboost,catboost,HOLD,
2025-01-09,SBIN,0.544378186059344,0.4873880349817814,catboost,lightgbm,HOLD,
2025-01-09,SUNPHARMA,0.34667650230009445,0.510928584696942,lightgbm,lightgbm,SELL,0.510928584696942
2025-01-09,TATAMOTORS,0.5451263677963515,0.1364112148750309,catboost,lightgbm,HOLD,
2025-01-09,TITAN,0.4934348386591915,0.5235967946923562,lightgbm,lightgbm,SELL,0.5235967946923562
2025-01-09,ULTRACEMCO,0.7445842027664185,0.44147960216291154,xgboost,catboost,BUY,0.7445842027664185
2025-01-10,AXISBANK,0.9566402751477344,0.4743760142501173,catboost,catboost,BUY,0.9566402751477344
2025-01-10,BHARTIARTL,0.6225623143859625,0.42066914953489254,catboost,catboost,BUY,0.6225623143859625
2025-01-10,ICICIBANK,0.8364880084991455,0.1562101298889697,xgboost,catboost,BUY,0.8364880084991455
2025-01-10,RELIANCE,0.14318578524899886,0.5248031024440835,catboost,catboost,SELL,0.5248031024440835
2025-01-10,SBIN,0.5425511451970882,0.4873880349817814,catboost,lightgbm,HOLD,
2025-01-10,SUNPHARMA,0.4568387377301282,0.510928584696942,lightgbm,lightgbm,SELL,0.510928584696942
2025-01-10,TATAMOTORS,0.5451263677963515,0.11176546966961984,catboost,lightgbm,HOLD,
2025-01-10,TITAN,0.4934348386591915,0.5235967946923562,lightgbm,lightgbm,SELL,0.5235967946923562
2025-01-10,ULTRACEMCO,0.7746445536613464,0.44147960216291154,xgboost,catboost,BUY,0.7746445536613464
2025-01-13,AXISBANK,0.9626883863852418,0.4743760142501173,catboost,catboost,BUY,0.9626883863852418
2025-01-13,BHARTIARTL,0.6510825544740669,0.45699110985456154,catboost,catboost,BUY,0.6510825544740669
2025-01-13,ICICIBANK,0.8368973731994629,0.17328748759336512,xgboost,catboost,BUY,0.8368973731994629
2025-01-13,RELIANCE,0.1434970258422264,0.5248031024440835,catboost,catboost,SELL,0.5248031024440835
2025-01-13,SBIN,0.5722719378496194,0.4873880349817814,catboost,lightgbm,HOLD,
2025-01-13,SUNPHARMA,0.5288955258160319,0.510928584696942,lightgbm,lightgbm,SELL,0.510928584696942
2025-01-13,TATAMOTORS,0.578515893890724,0.31458509869502055,catboost,lightgbm,HOLD,
2025-01-13,TITAN,0.4934348386591915,0.5235967946923562,lightgbm,lightgbm,SELL,0.5235967946923562
2025-01-13,ULTRACEMCO,0.7757541537284851,0.44147960216291154,xgboost,catboost,BUY,0.7757541537284851
2025-01-14,AXISBANK,0.9697753098280105,0.4743760142501173,catboost,catboost,BUY,0.9697753098280105
2025-01-14,BHARTIARTL,0.7141678244791095,0.4783955934150862,catboost,catboost,BUY,0.7141678244791095
2025-01-14,ICICIBANK,0.8270998001098633,0.16329807984854447,xgboost,catboost,BUY,0.8270998001098633
2025-01-14,RELIANCE,0.05183629958852454,0.5036458236809608,catboost,catboost,SELL,0.5036458236809608
2025-01-14,SBIN,0.5722719378496194,0.4873880349817814,catboost,lightgbm,HOLD,
2025-01-14,SUNPHARMA,0.5156352773748806,0.47502081002165086,lightgbm,lightgbm,HOLD,
2025-01-14,TATAMOTORS,0.578515893890724,0.2568049838427828,catboost,lightgbm,HOLD,
2025-01-14,TITAN,0.47502082499939974,0.5219202088126316,lightgbm,lightgbm,SELL,0.5219202088126316
2025-01-14,ULTRACEMCO,0.7502531409263611,0.44147960216291154,xgboost,catboost,BUY,0.7502531409263611
2025-01-15,AXISBANK,0.9345313435504652,0.4743760142501173,catboost,catboost,BUY,0.9345313435504652
2025-01-15,BHARTIARTL,0.6897658859983145,0.4716182736242745,catboost,catboost,BUY,0.6897658859983145
2025-01-15,ICICIBANK,0.8915985226631165,0.09963057516149892,xgboost,catboost,BUY,0.8915985226631165
2025-01-15,RELIANCE,0.03893040208827736,0.5036458236809608,catboost,catboost,SELL,0.5036458236809608
2025-01-15,SBIN,0.5722719378496194,0.4873880349817814,catboost,lightgbm,HOLD,
2025-01-15,SUNPHARMA,0.5687270278400682,0.47502082099395493,lightgbm,lightgbm,HOLD,
2025-01-15,TATAMOTORS,0.578515893890724,0.23175463428599868,catboost,lightgbm,HOLD,
2025-01-15,TITAN,0.47502082499939974,0.5219202088126316,lightgbm,lightgbm,SELL,0.5219202088126316
2025-01-15,ULTRACEMCO,0.7473732233047485,0.44147960216291154,xgboost,catboost,BUY,0.7473732233047485
2025-01-16,AXISBANK,0.9297466429561456,0.4743760142501173,catboost,catboost,BUY,0.9297466429561456
2025-01-16,BHARTIARTL,0.819497131222906,0.4240391690059289,catboost,catboost,BUY,0.819497131222906
2025-01-16,ICICIBANK,0.8796730637550354,0.09001586522410428,xgboost,catboost,BUY,0.8796730637550354
2025-01-16,RELIANCE,0.041826890109053376,0.5036458236809608,catboost,catboost,SELL,0.5036458236809608
2025-01-16,SBIN,0.5695392716869064,0.48738803702745365,catboost,lightgbm,HOLD,
2025-01-16,SUNPHARMA,0.5765489356182198,0.47502082099395493,lightgbm,lightgbm,HOLD,
2025-01-16,TATAMOTORS,0.578515893890724,0.21974471775780405,catboost,lightgbm,HOLD,
2025-01-16,TITAN,0.47502082499939974,0.5219202088126316,lightgbm,lightgbm,SELL,0.5219202088126316
2025-01-16,ULTRACEMCO,0.7426639795303345,0.44147960216291154,xgboost,catboost,BUY,0.7426639795303345
2025-01-17,AXISBANK,0.9206253249593073,0.4743760142501173,catboost,catboost,BUY,0.9206253249593073
2025-01-17,BHARTIARTL,0.791962800507722,0.4454142107182375,catboost,catboost,BUY,0.791962800507722
2025-01-17,ICICIBANK,0.8350240588188171,0.12714937544279378,xgboost,catboost,BUY,0.8350240588188171
2025-01-17,RELIANCE,0.17260657955993852,0.5036458236809608,catboost,catboost,SELL,0.5036458236809608
2025-01-17,SBIN,0.5773862218191466,0.48738803782654455,catboost,lightgbm,HOLD,
2025-01-17,SUNPHARMA,0.49382227544292095,0.47502082099395493,lightgbm,lightgbm,HOLD,
2025-01-17,TATAMOTORS,0.578515893890724,0.21444812120006565,catboost,lightgbm,HOLD,
2025-01-17,TITAN,0.47502082499939974,0.5219202088126316,lightgbm,lightgbm,SELL,0.5219202088126316
2025-01-17,ULTRACEMCO,0.7293088436126709,0.44147960216291154,xgboost,catboost,BUY,0.7293088436126709
2025-01-20,AXISBANK,0.9140108461480068,0.4743760142501173,catboost,catboost,BUY,0.9140108461480068
2025-01-20,BHARTIARTL,0.7976460211817914,0.4454142107182375,catboost,catboost,BUY,0.7976460211817914
2025-01-20,ICICIBANK,0.7558408975601196,0.09476938908439854,xgboost,catboost,BUY,0.7558408975601196
2025-01-20,RELIANCE,0.13049692621789344,0.5036458236809608,catboost,catboost,SELL,0.5036458236809608
2025-01-20,SBIN,0.5834312127280682,0.4784217759034217,catboost,lightgbm,HOLD,
2025-01-20,SUNPHARMA,0.6129498742469075,0.47502082099395493,lightgbm,lightgbm,BUY,0.6129498742469075
2025-01-20,TATAMOTORS,0.5626050122178755,0.21551700643281455,catboost,lightgbm,HOLD,
2025-01-20,TITAN,0.4934348386591915,0.5219202088126316,lightgbm,lightgbm,SELL,0.5219202088126316
2025-01-20,ULTRACEMCO,0.7107082009315491,0.44147960216291154,xgboost,catboost,BUY,0.7107082009315491
2025-01-21,AXISBANK,0.9030319879040385,0.4743760142501173,catboost,catboost,BUY,0.9030319879040385
2025-01-21,BHARTIARTL,0.7275877710282793,0.4454142107182375,catboost,catboost,BUY,0.7275877710282793
2025-01-21,ICICIBANK,0.6688626408576965,0.14928465458083257,xgboost,catboost,BUY,0.6688626408576965
2025-01-21,RELIANCE,0.095273230265378,0.5036458236809608,catboost,catboost,SELL,0.5036458236809608
2025-01-21,SBIN,0.5388157159161208,0.48738803702745365,catboost,lightgbm,HOLD,
2025-01-21,SUNPHARMA,0.6571778388866988,0.47502082099395493,lightgbm,lightgbm,BUY,0.6571778388866988
2025-01-21,TATAMOTORS,0.5626050122178755,0.14211696918745054,catboost,lightgbm,HOLD,
2025-01-21,TITAN,0.47502082499939974,0.5219202088126316,lightgbm,lightgbm,SELL,0.5219202088126316
2025-01-21,ULTRACEMCO,0.7372164130210876,0.44147960216291154,xgboost,catboost,BUY,0.7372164130210876
2025-01-22,AXISBANK,0.8849550147567822,0.4743760142501173,catboost,catboost,BUY,0.8849550147567822
2025-01-22,BHARTIARTL,0.6910446020737202,0.4454142107182375,catboost,catboost,BUY,0.6910446020737202
2025-01-22,ICICIBANK,0.6267051100730896,0.156999159114904,xgboost,catboost,BUY,0.6267051100730896
2025-01-22,RELIANCE,0.06996855756538886,0.5036458236809608,catboost,catboost,SELL,0.5036458236809608
2025-01-22,SBIN,0.5702429984603603,0.48738803702745365,catboost,lightgbm,HOLD,
2025-01-22,SUNPHARMA,0.653374476381376,0.47502082099395493,lightgbm,lightgbm,BUY,0.653374476381376
2025-01-22,TATAMOTORS,0.5626050122178755,0.12186318494016145,catboost,lightgbm,HOLD,
2025-01-22,TITAN,0.47502082499939974,0.5219202088126316,lightgbm,lightgbm,SELL,0.5219202088126316
2025-01-22,ULTRACEMCO,0.7478853464126587,0.44147960216291154,xgboost,catboost,BUY,0.7478853464126587
2025-01-23,AXISBANK,0.9052751807992936,0.4743760142501173,catboost,catboost,BUY,0.9052751807992936
2025-01-23,BHARTIARTL,0.6113904727199143,0.4454142107182375,catboost,catboost,BUY,0.6113904727199143
2025-01-23,ICICIBANK,0.6101096272468567,0.156999159114904,xgboost,catboost,BUY,0.6101096272468567
2025-01-23,RELIANCE,0.054147399849510655,0.5036458236809608,catboost,catboost,SELL,0.5036458236809608
2025-01-23,SBIN,0.5702429984603603,0.4873880349817814,catboost,lightgbm,HOLD,
2025-01-23,SUNPHARMA,0.6441202391113432,0.47502082099395493,lightgbm,lightgbm,BUY,0.6441202391113432
2025-01-23,TATAMOTORS,0.5636208141281764,0.11233695772278783,catboost,lightgbm,HOLD,
2025-01-23,TITAN,0.47502082499939974,0.5219202088126316,lightgbm,lightgbm,SELL,0.5219202088126316
2025-01-23,ULTRACEMCO,0.840135931968689,0.44147960216291154,xgboost,catboost,BUY,0.840135931968689
2025-01-24,AXISBANK,0.9038060765101037,0.4743760142501173,catboost,catboost,BUY,0.9038060765101037
2025-01-24,BHARTIARTL,0.6668375291127785,0.4454142107182375,catboost,catboost,BUY,0.6668375291127785
2025-01-24,ICICIBANK,0.6630308628082275,0.09506434603568124,xgboost,catboost,BUY,0.6630308628082275
2025-01-24,RELIANCE,0.038456015240462466,0.5036458236809608,catboost,catboost,SELL,0.5036458236809608
2025-01-24,SBIN,0.5721202575594482,0.5305195958116663,catboost,lightgbm,SELL,0.5305195958116663
2025-01-24,SUNPHARMA,0.6634280936841752,0.47502082099395493,lightgbm,lightgbm,BUY,0.6634280936841752
2025-01-24,TATAMOTORS,0.5843003395116042,0.14476633027293442,catboost,lightgbm,HOLD,
2025-01-24,TITAN,0.47502082499939974,0.5219202088126316,lightgbm,lightgbm,SELL,0.5219202088126316
2025-01-24,ULTRACEMCO,0.7568323612213135,0.4859087399200722,xgboost,catboost,BUY,0.7568323612213135
2025-01-27,AXISBANK,0.9109879237926398,0.4743760142501173,catboost,catboost,BUY,0.9109879237926398
2025-01-27,BHARTIARTL,0.5830657815423428,0.40318681808958007,catboost,catboost,HOLD,
2025-01-27,ICICIBANK,0.5875415205955505,0.09434215518626368,xgboost,catboost,HOLD,
2025-01-27,RELIANCE,0.02803889959873314,0.5036458236809608,catboost,catboost,SELL,0.5036458236809608
2025-01-27,SBIN,0.537661645079045,0.5305195958116663,catboost,lightgbm,SELL,0.5305195958116663
2025-01-27,SUNPHARMA,0.5629376735832438,0.47502082099395493,lightgbm,lightgbm,HOLD,
2025-01-27,TATAMOTORS,0.5843003395116042,0.15465020625518616,catboost,lightgbm,HOLD,
2025-01-27,TITAN,0.47502082499939974,0.5219202088126316,lightgbm,lightgbm,SELL,0.5219202088126316
2025-01-27,ULTRACEMCO,0.783518373966217,0.5,xgboost,catboost,BUY,0.783518373966217
2025-01-28,AXISBANK,0.7935503394661833,0.4743760142501173,catboost,catboost,BUY,0.7935503394661833
2025-01-28,BHARTIARTL,0.6119402649009477,0.40318681808958007,catboost,catboost,BUY,0.6119402649009477
2025-01-28,ICICIBANK,0.5223091244697571,0.1970135210429914,xgboost,catboost,HOLD,
2025-01-28,RELIANCE,0.03180166445103821,0.5036458236809608,catboost,catboost,SELL,0.5036458236809608
2025-01-28,SBIN,0.537661645079045,0.48738803782654455,catboost,lightgbm,HOLD,
2025-01-28,SUNPHARMA,0.7316343539575281,0.47502082099395493,lightgbm,lightgbm,BUY,0.7316343539575281
2025-01-28,TATAMOTORS,0.5680907875860046,0.20298923077818345,catboost,lightgbm,HOLD,
2025-01-28,TITAN,0.47502082499939974,0.5219202088126316,lightgbm,lightgbm,SELL,0.5219202088126316
2025-01-28,ULTRACEMCO,0.8576337099075317,0.5,xgboost,catboost,BUY,0.8576337099075317
2025-01-29,AXISBANK,0.8422970418146668,0.4743760142501173,catboost,catboost,BUY,0.8422970418146668
2025-01-29,BHARTIARTL,0.6979857217388944,0.4200112879556281,catboost,catboost,BUY,0.6979857217388944
2025-01-29,ICICIBANK,0.49989989399909973,0.2042621730967667,xgboost,catboost,HOLD,
2025-01-29,RELIANCE,0.028931839006160323,0.5036458236809608,catboost,catboost,SELL,0.5036458236809608
2025-01-29,SBIN,0.537661645079045,0.4784217759034217,catboost,lightgbm,HOLD,
2025-01-29,SUNPHARMA,0.5759519384928946,0.47502082099395493,lightgbm,lightgbm,HOLD,
2025-01-29,TATAMOTORS,0.5680907875860046,0.2229745243449834,catboost,lightgbm,HOLD,
2025-01-29,TITAN,0.47502082499939974,0.4750208084390145,lightgbm,lightgbm,HOLD,
2025-01-29,ULTRACEMCO,0.7031069397926331,0.5211486902558137,xgboost,catboost,SELL,0.5211486902558137
2025-01-30,AXISBANK,0.8053137049898517,0.4743760142501173,catboost,catboost,BUY,0.8053137049898517
2025-01-30,BHARTIARTL,0.7127244860393236,0.40318681808958007,catboost,catboost,BUY,0.7127244860393236
2025-01-30,ICICIBANK,0.4834015369415283,0.23660877608988926,xgboost,catboost,HOLD,
2025-01-30,RELIANCE,0.0411722709404168,0.5036458236809608,catboost,catboost,SELL,0.5036458236809608
2025-01-30,SBIN,0.5131668183221051,0.4784217759034217,catboost,lightgbm,HOLD,
2025-01-30,SUNPHARMA,0.5939130075684405,0.47502082099395493,lightgbm,lightgbm,HOLD,
2025-01-30,TATAMOTORS,0.5789558877501216,0.20990598609277308,catboost,lightgbm,HOLD,
2025-01-30,TITAN,0.47502082499939974,0.5118630770852417,lightgbm,lightgbm,SELL,0.5118630770852417
2025-01-30,ULTRACEMCO,0.6245513558387756,0.5211486902558137,xgboost,catboost,SELL,0.5211486902558137
2025-01-31,AXISBANK,0.7713442112167144,0.4743760142501173,catboost,catboost,BUY,0.7713442112167144
2025-01-31,BHARTIARTL,0.7711110476908678,0.3845470448226711,catboost,catboost,BUY,0.7711110476908678
2025-01-31,ICICIBANK,0.5510520935058594,0.2535798360948185,xgboost,catboost,HOLD,
2025-01-31,RELIANCE,0.05382332297724734,0.5036458236809608,catboost,catboost,SELL,0.5036458236809608
2025-01-31,SBIN,0.5338654294823584,0.4784217759034217,catboost,lightgbm,HOLD,
2025-01-31,SUNPHARMA,0.5939130075684405,0.47502082099395493,lightgbm,lightgbm,HOLD,
2025-01-31,TATAMOTORS,0.5636208141281764,0.2248676758619478,catboost,lightgbm,HOLD,
2025-01-31,TITAN,0.4934348386591915,0.4750208092353606,lightgbm,lightgbm,HOLD,
2025-01-31,ULTRACEMCO,0.5980422496795654,0.5211486902558137,xgboost,catboost,SELL,0.5211486902558137
2025-02-01,AXISBANK,0.5721722232714817,0.4743760142501173,catboost,catboost,HOLD,
2025-02-01,BHARTIARTL,0.7385216631500249,0.4391435116922712,catboost,catboost,BUY,0.7385216631500249
2025-02-01,ICICIBANK,0.5172746777534485,0.3217767257380458,xgboost,catboost,HOLD,
2025-02-01,RELIANCE,0.10819379924512505,0.5036458236809608,catboost,catboost,SELL,0.5036458236809608
2025-02-01,SBIN,0.5328596792602032,0.4784217759034217,catboost,lightgbm,HOLD,
2025-02-01,SUNPHARMA,0.6311415607662952,0.5119683696575575,lightgbm,lightgbm,SELL,0.5119683696575575
2025-02-01,TATAMOTORS,0.5795223610314548,0.12383012993452878,catboost,lightgbm,HOLD,
2025-02-01,TITAN,0.4934348386591915,0.4750208092353606,lightgbm,lightgbm,HOLD,
2025-02-01,ULTRACEMCO,0.7416660189628601,0.5,xgboost,catboost,BUY,0.7416660189628601
2025-02-03,AXISBANK,0.548296016386898,0.4743760142501173,catboost,catboost,HOLD,
2025-02-03,BHARTIARTL,0.7385732897100936,0.49333737019384055,catboost,catboost,BUY,0.7385732897100936
2025-02-03,ICICIBANK,0.47949227690696716,0.3831726172967263,xgboost,catboost,HOLD,
2025-02-03,RELIANCE,0.25466254733265703,0.5036458236809608,catboost,catboost,SELL,0.5036458236809608
2025-02-03,SBIN,0.495137745006724,0.4784217759034217,catboost,lightgbm,HOLD,
2025-02-03,SUNPHARMA,0.6311415607662952,0.510928584696942,lightgbm,lightgbm,SELL,0.510928584696942
2025-02-03,TATAMOTORS,0.5795223610314548,0.23927044964324048,catboost,lightgbm,HOLD,
2025-02-03,TITAN,0.4934348386591915,0.5235967946923562,lightgbm,lightgbm,SELL,0.5235967946923562
2025-02-03,ULTRACEMCO,0.7311572432518005,0.5,xgboost,catboost,BUY,0.7311572432518005
2025-02-04,AXISBANK,0.5348484971286288,0.4743760142501173,catboost,catboost,HOLD,
2025-02-04,BHARTIARTL,0.5729634668859512,0.49333737019384055,catboost,catboost,HOLD,
2025-02-04,ICICIBANK,0.45678356289863586,0.40043690354094236,xgboost,catboost,HOLD,
2025-02-04,RELIANCE,0.27976177638102145,0.5036458236809608,catboost,catboost,SELL,0.5036458236809608
2025-02-04,SBIN,0.5310262405183566,0.4784217759034217,catboost,lightgbm,HOLD,
2025-02-04,SUNPHARMA,0.5191188519859913,0.510928584696942,lightgbm,lightgbm,SELL,0.510928584696942
2025-02-04,TATAMOTORS,0.5795223610314548,0.3844020795559013,catboost,lightgbm,HOLD,
2025-02-04,TITAN,0.4934348386591915,0.5014449200758024,lightgbm,lightgbm,SELL,0.5014449200758024
2025-02-04,ULTRACEMCO,0.775545597076416,0.5,xgboost,catboost,BUY,0.775545597076416
2025-02-05,AXISBANK,0.5441428084782134,0.4743760142501173,catboost,catboost,HOLD,
2025-02-05,BHARTIARTL,0.6154666721118853,0.46285765148713043,catboost,catboost,BUY,0.6154666721118853
2025-02-05,ICICIBANK,0.38722294569015503,0.41254926089946564,xgboost,catboost,HOLD,
2025-02-05,RELIANCE,0.14374066581002357,0.5036458236809608,catboost,catboost,SELL,0.5036458236809608
2025-02-05,SBIN,0.5310262405183566,0.4513439971313487,catboost,lightgbm,HOLD,
2025-02-05,SUNPHARMA,0.5191188519859913,0.510928584696942,lightgbm,lightgbm,SELL,0.510928584696942
2025-02-05,TATAMOTORS,0.5795223610314548,0.4004775022216804,catboost,lightgbm,HOLD,
2025-02-05,TITAN,0.4934348386591915,0.5235967946923562,lightgbm,lightgbm,SELL,0.5235967946923562
2025-02-05,ULTRACEMCO,0.8169998526573181,0.44147960216291154,xgboost,catboost,BUY,0.8169998526573181
2025-02-06,AXISBANK,0.42295295764576973,0.4743760142501173,catboost,catboost,HOLD,
2025-02-06,BHARTIARTL,0.6904056206940403,0.4401070502661163,catboost,catboost,BUY,0.6904056206940403
2025-02-06,ICICIBANK,0.285490483045578,0.40788716169386785,xgboost,catboost,HOLD,
2025-02-06,RELIANCE,0.06988364079291655,0.5036458236809608,catboost,catboost,SELL,0.5036458236809608
2025-02-06,SBIN,0.45940318741880287,0.4513439971313487,catboost,lightgbm,HOLD,
2025-02-06,SUNPHARMA,0.5774866521184783,0.510928584696942,lightgbm,lightgbm,SELL,0.510928584696942
2025-02-06,TATAMOTORS,0.5795223610314548,0.36717474831671476,catboost,lightgbm,HOLD,
2025-02-06,TITAN,0.4934348386591915,0.5118630770852417,lightgbm,lightgbm,SELL,0.5118630770852417
2025-02-06,ULTRACEMCO,0.8431929349899292,0.44147960216291154,xgboost,catboost,BUY,0.8431929349899292
2025-02-07,AXISBANK,0.3763996120072883,0.4743760142501173,catboost,catboost,HOLD,
2025-02-07,BHARTIARTL,0.701006100967248,0.416417576492058,catboost,catboost,BUY,0.701006100967248
2025-02-07,ICICIBANK,0.4559962749481201,0.32267954506139646,xgboost,catboost,HOLD,
2025-02-07,RELIANCE,0.1485915588186184,0.5248031024440835,catboost,catboost,SELL,0.5248031024440835
2025-02-07,SBIN,0.43609182181985684,0.5305195958116663,catboost,lightgbm,SELL,0.5305195958116663
2025-02-07,SUNPHARMA,0.4566124581244984,0.510928584696942,lightgbm,lightgbm,SELL,0.510928584696942
2025-02-07,TATAMOTORS,0.5795223610314548,0.5017915974709752,catboost,lightgbm,SELL,0.5017915974709752
2025-02-07,TITAN,0.4934348386591915,0.5235967946923562,lightgbm,lightgbm,SELL,0.5235967946923562
2025-02-07,ULTRACEMCO,0.7524357438087463,0.44147960216291154,xgboost,catboost,BUY,0.7524357438087463
2025-02-10,AXISBANK,0.4896706811917954,0.4743760142501173,catboost,catboost,HOLD,
2025-02-10,BHARTIARTL,0.6001776995540088,0.44638055757608824,catboost,catboost,BUY,0.6001776995540088
2025-02-10,ICICIBANK,0.5331808924674988,0.3013979682407254,xgboost,catboost,HOLD,
2025-02-10,RELIANCE,0.16040125626796023,0.5248031024440835,catboost,catboost,SELL,0.5248031024440835
2025-02-10,SBIN,0.43609182181985684,0.48738803782654455,catboost,lightgbm,HOLD,
2025-02-10,SUNPHARMA,0.485169944598322,0.510928584696942,lightgbm,lightgbm,SELL,0.510928584696942
2025-02-10,TATAMOTORS,0.5795223610314548,0.35375004681378214,catboost,lightgbm,HOLD,
2025-02-10,TITAN,0.47502082499939974,0.4750208084390145,lightgbm,lightgbm,HOLD,
2025-02-10,ULTRACEMCO,0.6981668472290039,0.44147960216291154,xgboost,catboost,BUY,0.6981668472290039
2025-02-11,AXISBANK,0.4895407184062459,0.4743760142501173,catboost,catboost,HOLD,
2025-02-11,BHARTIARTL,0.5264003221252834,0.44638055757608824,catboost,catboost,HOLD,
2025-02-11,ICICIBANK,0.5529292225837708,0.2729779377424737,xgboost,catboost,HOLD,
2025-02-11,RELIANCE,0.2946010798557427,0.5,catboost,catboost,HOLD,
2025-02-11,SBIN,0.49504243181993635,0.4513439971313487,catboost,lightgbm,HOLD,
2025-02-11,SUNPHARMA,0.5711676634023346,0.510928584696942,lightgbm,lightgbm,SELL,0.510928584696942
2025-02-11,TATAMOTORS,0.5795223610314548,0.37749254583797043,catboost,lightgbm,HOLD,
2025-02-11,TITAN,0.47502082499939974,0.4750208011126295,lightgbm,lightgbm,HOLD,
2025-02-11,ULTRACEMCO,0.6806897521018982,0.44147960216291154,xgboost,catboost,BUY,0.6806897521018982
2025-02-12,AXISBANK,0.4958431557831464,0.4743760142501173,catboost,catboost,HOLD,
2025-02-12,BHARTIARTL,0.4899822841397565,0.4875493108012072,catboost,catboost,HOLD,
2025-02-12,ICICIBANK,0.45692795515060425,0.20505974103655988,xgboost,catboost,HOLD,
2025-02-12,RELIANCE,0.651088056663505,0.47385675926249093,catboost,catboost,BUY,0.651088056663505
2025-02-12,SBIN,0.5289927239674819,0.48738803782654455,catboost,lightgbm,HOLD,
2025-02-12,SUNPHARMA,0.5711676634023346,0.510928584696942,lightgbm,lightgbm,SELL,0.510928584696942
2025-02-12,TATAMOTORS,0.5795223610314548,0.38608794292596205,catboost,lightgbm,HOLD,
2025-02-12,TITAN,0.5091577916609943,0.4750208011126295,lightgbm,lightgbm,HOLD,
2025-02-12,ULTRACEMCO,0.7196862697601318,0.44147960216291154,xgboost,catboost,BUY,0.7196862697601318
2025-02-13,AXISBANK,0.6228875480688525,0.5,catboost,catboost,BUY,0.6228875480688525
2025-02-13,BHARTIARTL,0.5703541211495914,0.4875493108012072,catboost,catboost,HOLD,
2025-02-13,ICICIBANK,0.48431825637817383,0.28724726865368166,xgboost,catboost,HOLD,
2025-02-13,RELIANCE,0.3883993417787836,0.47385675926249093,catboost,catboost,HOLD,
2025-02-13,SBIN,0.5313328779194275,0.4513439971313487,catboost,lightgbm,HOLD,
2025-02-13,SUNPHARMA,0.48190263084660684,0.510928584696942,lightgbm,lightgbm,SELL,0.510928584696942
2025-02-13,TATAMOTORS,0.5795223610314548,0.34423326909165247,catboost,lightgbm,HOLD,
2025-02-13,TITAN,0.5091577916609943,0.4750208011126295,lightgbm,lightgbm,HOLD,
2025-02-13,ULTRACEMCO,0.7361893057823181,0.44147960216291154,xgboost,catboost,BUY,0.7361893057823181
2025-02-14,AXISBANK,0.7574124761828138,0.5,catboost,catboost,BUY,0.7574124761828138
2025-02-14,BHARTIARTL,0.5957270060775999,0.5370041287762367,catboost,catboost,SELL,0.5370041287762367
2025-02-14,ICICIBANK,0.6185361742973328,0.2409711829042609,xgboost,catboost,BUY,0.6185361742973328
2025-02-14,RELIANCE,0.49692254794805174,0.4950618836137079,catboost,catboost,HOLD,
2025-02-14,SBIN,0.5228300892292798,0.45134399431173045,catboost,lightgbm,HOLD,
2025-02-14,SUNPHARMA,0.4566124581244984,0.47502082099395493,lightgbm,lightgbm,HOLD,
2025-02-14,TATAMOTORS,0.5795223610314548,0.34423326909165247,catboost,lightgbm,HOLD,
2025-02-14,TITAN,0.5091577916609943,0.4750208011126295,lightgbm,lightgbm,HOLD,
2025-02-14,ULTRACEMCO,0.7912238240242004,0.44147960216291154,xgboost,catboost,BUY,0.7912238240242004
2025-02-17,AXISBANK,0.6778302574008104,0.5,catboost,catboost,BUY,0.6778302574008104
2025-02-17,BHARTIARTL,0.7205716422390759,0.4391435116922712,catboost,catboost,BUY,0.7205716422390759
2025-02-17,ICICIBANK,0.7191084623336792,0.22918888873662885,xgboost,catboost,BUY,0.7191084623336792
2025-02-17,RELIANCE,0.632168780310794,0.4950618836137079,catboost,catboost,BUY,0.632168780310794
2025-02-17,SBIN,0.5541589901252544,0.4784217759034217,catboost,lightgbm,HOLD,
2025-02-17,SUNPHARMA,0.5405223054577335,0.47502082099395493,lightgbm,lightgbm,HOLD,
2025-02-17,TATAMOTORS,0.5795223610314548,0.49257729336498174,catboost,lightgbm,HOLD,
2025-02-17,TITAN,0.5091577916609943,0.4750208092353606,lightgbm,lightgbm,HOLD,
2025-02-17,ULTRACEMCO,0.7626515030860901,0.44147960216291154,xgboost,catboost,BUY,0.7626515030860901
2025-02-18,AXISBANK,0.7170451569017321,0.5,catboost,catboost,BUY,0.7170451569017321
2025-02-18,BHARTIARTL,0.6126564237007175,0.4391435116922712,catboost,catboost,BUY,0.6126564237007175
2025-02-18,ICICIBANK,0.6024010181427002,0.32204037171242683,xgboost,catboost,BUY,0.6024010181427002
2025-02-18,RELIANCE,0.566405555687742,0.4950618836137079,catboost,catboost,HOLD,
2025-02-18,SBIN,0.5564789414399323,0.4784217759034217,catboost,lightgbm,HOLD,
2025-02-18,SUNPHARMA,0.6274945690564535,0.47502082099395493,lightgbm,lightgbm,BUY,0.6274945690564535
2025-02-18,TATAMOTORS,0.5636208141281764,0.4437168859307344,catboost,lightgbm,HOLD,
2025-02-18,TITAN,0.5091577916609943,0.4750208092353606,lightgbm,lightgbm,HOLD,
2025-02-18,ULTRACEMCO,0.8393551707267761,0.44147960216291154,xgboost,catboost,BUY,0.8393551707267761
2025-02-19,AXISBANK,0.7956724493249412,0.5,catboost,catboost,BUY,0.7956724493249412
2025-02-19,BHARTIARTL,0.8033780521383325,0.3703876612075903,catboost,catboost,BUY,0.8033780521383325
2025-02-19,ICICIBANK,0.5971439480781555,0.33568073381062946,xgboost,catboost,HOLD,
2025-02-19,RELIANCE,0.5490692070915887,0.4950618836137079,catboost,catboost,HOLD,
2025-02-19,SBIN,0.5541589901252544,0.4784217759034217,catboost,lightgbm,HOLD,
2025-02-19,SUNPHARMA,0.5677204481961484,0.510928584696942,lightgbm,lightgbm,SELL,0.510928584696942
2025-02-19,TATAMOTORS,0.5995061520087867,0.2501369104637812,catboost,lightgbm,HOLD,
2025-02-19,TITAN,0.5091577916609943,0.4750208092353606,lightgbm,lightgbm,HOLD,
2025-02-19,ULTRACEMCO,0.8879042863845825,0.44147960216291154,xgboost,catboost,BUY,0.8879042863845825
2025-02-20,AXISBANK,0.8028748584857931,0.5,catboost,catboost,BUY,0.8028748584857931
2025-02-20,BHARTIARTL,0.8780923883542822,0.3481176403345554,catboost,catboost,BUY,0.8780923883542822
2025-02-20,ICICIBANK,0.6465180516242981,0.3301109603115071,xgboost,catboost,BUY,0.6465180516242981
2025-02-20,RELIANCE,0.6029986916161055,0.4950618836137079,catboost,catboost,BUY,0.6029986916161055
2025-02-20,SBIN,0.5491540889146116,0.4784217759034217,catboost,lightgbm,HOLD,
2025-02-20,SUNPHARMA,0.6047520832968167,0.510928584696942,lightgbm,lightgbm,SELL,0.510928584696942
2025-02-20,TATAMOTORS,0.5995061520087867,0.19066098299463535,catboost,lightgbm,HOLD,
2025-02-20,TITAN,0.5091577916609943,0.4750208092353606,lightgbm,lightgbm,HOLD,
2025-02-20,ULTRACEMCO,0.9046332240104675,0.44147960216291154,xgboost,catboost,BUY,0.9046332240104675
2025-02-21,AXISBANK,0.7392833488233446,0.5,catboost,catboost,BUY,0.7392833488233446
2025-02-21,BHARTIARTL,0.8754008520897906,0.3703876612075903,catboost,catboost,BUY,0.8754008520897906
2025-02-21,ICICIBANK,0.7949103713035583,0.18566643715979894,xgboost,catboost,BUY,0.7949103713035583
2025-02-21,RELIANCE,0.6064852284486437,0.4950618836137079,catboost,catboost,BUY,0.6064852284486437
2025-02-21,SBIN,0.5491540889146116,0.4784217759034217,catboost,lightgbm,HOLD,
2025-02-21,SUNPHARMA,0.6192247104067412,0.510928584696942,lightgbm,lightgbm,SELL,0.510928584696942
2025-02-21,TATAMOTORS,0.5995061520087867,0.12578306043549398,catboost,lightgbm,HOLD,
2025-02-21,TITAN,0.5091577916609943,0.4750208092353606,lightgbm,lightgbm,HOLD,
2025-02-21,ULTRACEMCO,0.8862018585205078,0.44147960216291154,xgboost,catboost,BUY,0.8862018585205078
2025-02-24,AXISBANK,0.7122042841503338,0.5,catboost,catboost,BUY,0.7122042841503338
2025-02-24,BHARTIARTL,0.8436226102362533,0.3742473776833276,catboost,catboost,BUY,0.8436226102362533
2025-02-24,ICICIBANK,0.8213756680488586,0.20896743233417617,xgboost,catboost,BUY,0.8213756680488586
2025-02-24,RELIANCE,0.4271260208862891,0.4950618836137079,catboost,catboost,HOLD,
2025-02-24,SBIN,0.5882174451348783,0.4784217759034217,catboost,lightgbm,HOLD,
2025-02-24,SUNPHARMA,0.7108930024970603,0.47502082099395493,lightgbm,lightgbm,BUY,0.7108930024970603
2025-02-24,TATAMOTORS,0.5995061520087867,0.13143336539908035,catboost,lightgbm,HOLD,
2025-02-24,TITAN,0.5091577916609943,0.4750208092353606,lightgbm,lightgbm,HOLD,
2025-02-24,ULTRACEMCO,0.885842502117157,0.44147960216291154,xgboost,catboost,BUY,0.885842502117157
2025-02-25,AXISBANK,0.7855454125030469,0.4743760142501173,catboost,catboost,BUY,0.7855454125030469
2025-02-25,BHARTIARTL,0.8672682254362378,0.3403795164635809,catboost,catboost,BUY,0.8672682254362378
2025-02-25,ICICIBANK,0.7383573055267334,0.207427125469382,xgboost,catboost,BUY,0.7383573055267334
2025-02-25,RELIANCE,0.427320912898734,0.4950618836137079,catboost,catboost,HOLD,
2025-02-25,SBIN,0.5882174451348783,0.4784217759034217,catboost,lightgbm,HOLD,
2025-02-25,SUNPHARMA,0.698788186244558,0.47502082099395493,lightgbm,lightgbm,BUY,0.698788186244558
2025-02-25,TATAMOTORS,0.5834668440955344,0.24140802113484874,catboost,lightgbm,HOLD,
2025-02-25,TITAN,0.5091577916609943,0.4750208092353606,lightgbm,lightgbm,HOLD,
2025-02-25,ULTRACEMCO,0.8701730370521545,0.44147960216291154,xgboost,catboost,BUY,0.8701730370521545
2025-02-27,AXISBANK,0.5573781736513744,0.4743760142501173,catboost,catboost,HOLD,
2025-02-27,BHARTIARTL,0.8637851929074717,0.3809413310577359,catboost,catboost,BUY,0.8637851929074717
2025-02-27,ICICIBANK,0.7379332184791565,0.2356957636198323,xgboost,catboost,BUY,0.7379332184791565
2025-02-27,RELIANCE,0.5509805032632903,0.4950618836137079,catboost,catboost,HOLD,
2025-02-27,SBIN,0.5882174451348783,0.4784217759034217,catboost,lightgbm,HOLD,
2025-02-27,SUNPHARMA,0.6971505912446109,0.47502082099395493,lightgbm,lightgbm,BUY,0.6971505912446109
2025-02-27,TATAMOTORS,0.5680907875860046,0.16794271875336164,catboost,lightgbm,HOLD,
2025-02-27,TITAN,0.5091577916609943,0.4750208092353606,lightgbm,lightgbm,HOLD,
2025-02-27,ULTRACEMCO,0.7805314660072327,0.44147960216291154,xgboost,catboost,BUY,0.7805314660072327
2025-02-28,AXISBANK,0.6574343732287943,0.4743760142501173,catboost,catboost,BUY,0.6574343732287943
2025-02-28,BHARTIARTL,0.873807974920666,0.3742473776833276,catboost,catboost,BUY,0.873807974920666
2025-02-28,ICICIBANK,0.83907151222229,0.1878357739695201,xgboost,catboost,BUY,0.83907151222229
2025-02-28,RELIANCE,0.5789420588480773,0.4950618836137079,catboost,catboost,HOLD,
2025-02-28,SBIN,0.593110005416728,0.4784217759034217,catboost,lightgbm,HOLD,
2025-02-28,SUNPHARMA,0.720717616053276,0.47502082099395493,lightgbm,lightgbm,BUY,0.720717616053276
2025-02-28,TATAMOTORS,0.5680907875860046,0.2369133394283026,catboost,lightgbm,HOLD,
2025-02-28,TITAN,0.5091577916609943,0.4750208092353606,lightgbm,lightgbm,HOLD,
2025-02-28,ULTRACEMCO,0.7269048094749451,0.44147960216291154,xgboost,catboost,BUY,0.7269048094749451
2025-03-03,AXISBANK,0.8201666338310252,0.4743760142501173,catboost,catboost,BUY,0.8201666338310252
2025-03-03,BHARTIARTL,0.8617689262805759,0.3403795164635809,catboost,catboost,BUY,0.8617689262805759
2025-03-03,ICICIBANK,0.8256653547286987,0.2081002228295652,xgboost,catboost,BUY,0.8256653547286987
2025-03-03,RELIANCE,0.4757601242356099,0.5,catboost,catboost,HOLD,
2025-03-03,SBIN,0.5653833272938981,0.4784217759034217,catboost,lightgbm,HOLD,
2025-03-03,SUNPHARMA,0.46205364402741284,0.5119683696575575,lightgbm,lightgbm,SELL,0.5119683696575575
2025-03-03,TATAMOTORS,0.5839496870636526,0.13025722779422277,catboost,lightgbm,HOLD,
2025-03-03,TITAN,0.5091577916609943,0.5219202088126316,lightgbm,lightgbm,SELL,0.5219202088126316
2025-03-03,ULTRACEMCO,0.7065252065658569,0.44147960216291154,xgboost,catboost,BUY,0.7065252065658569
2025-03-04,AXISBANK,0.7868074071522777,0.4743760142501173,catboost,catboost,BUY,0.7868074071522777
2025-03-04,BHARTIARTL,0.6933383747665579,0.3980165830652679,catboost,catboost,BUY,0.6933383747665579
2025-03-04,ICICIBANK,0.8348917961120605,0.17278132125435758,xgboost,catboost,BUY,0.8348917961120605
2025-03-04,RELIANCE,0.13589899281477164,0.5,catboost,catboost,HOLD,
2025-03-04,SBIN,0.5653833272938981,0.4784217759034217,catboost,lightgbm,HOLD,
2025-03-04,SUNPHARMA,0.46205364402741284,0.5119683696575575,lightgbm,lightgbm,SELL,0.5119683696575575
2025-03-04,TATAMOTORS,0.5839496870636526,0.11442215697920034,catboost,lightgbm,HOLD,
2025-03-04,TITAN,0.5091577916609943,0.5219202088126316,lightgbm,lightgbm,SELL,0.5219202088126316
2025-03-04,ULTRACEMCO,0.7671613693237305,0.44147960216291154,xgboost,catboost,BUY,0.7671613693237305
2025-03-05,AXISBANK,0.8065929856035792,0.4743760142501173,catboost,catboost,BUY,0.8065929856035792
2025-03-05,BHARTIARTL,0.8733468545351332,0.4001604910344653,catboost,catboost,BUY,0.8733468545351332
2025-03-05,ICICIBANK,0.7794875502586365,0.15005363525600116,xgboost,catboost,BUY,0.7794875502586365
2025-03-05,RELIANCE,0.17700886233480173,0.5,catboost,catboost,HOLD,
2025-03-05,SBIN,0.5673882184937178,0.4784217759034217,catboost,lightgbm,HOLD,
2025-03-05,SUNPHARMA,0.4563150864519055,0.5119683696575575,lightgbm,lightgbm,SELL,0.5119683696575575
2025-03-05,TATAMOTORS,0.5839496870636526,0.10695703961109375,catboost,lightgbm,HOLD,
2025-03-05,TITAN,0.5091577916609943,0.5219202088126316,lightgbm,lightgbm,SELL,0.5219202088126316
2025-03-05,ULTRACEMCO,0.7533445954322815,0.44147960216291154,xgboost,catboost,BUY,0.7533445954322815
2025-03-06,AXISBANK,0.6888813762360405,0.4743760142501173,catboost,catboost,BUY,0.6888813762360405
2025-03-06,BHARTIARTL,0.8500410859892646,0.45299271177771816,catboost,catboost,BUY,0.8500410859892646
2025-03-06,ICICIBANK,0.6707753539085388,0.13547602768626313,xgboost,catboost,BUY,0.6707753539085388
2025-03-06,RELIANCE,0.2541941134673065,0.5,catboost,catboost,HOLD,
2025-03-06,SBIN,0.6064147085806582,0.4784217759034217,catboost,lightgbm,BUY,0.6064147085806582
2025-03-06,SUNPHARMA,0.3461986406390344,0.5119683696575575,lightgbm,lightgbm,SELL,0.5119683696575575
2025-03-06,TATAMOTORS,0.5839496870636526,0.08517891284008929,catboost,lightgbm,HOLD,
2025-03-06,TITAN,0.5091577916609943,0.5219202088126316,lightgbm,lightgbm,SELL,0.5219202088126316
2025-03-06,ULTRACEMCO,0.748796284198761,0.44147960216291154,xgboost,catboost,BUY,0.748796284198761
