date,trading_symbol,actual,predicted_proba,trend_confirmations,model_name,signal
2024-10-03,ASIANPAINT,0.0,0.06035471628296121,2.0,catboost,SELL
2024-10-03,AXISBANK,0.0,0.7128590945085429,2.0,lightgbm,BUY
2024-10-03,BAJFINANCE,0.0,0.42407749958434904,2.0,catboost,HOLD
2024-10-03,BHARTIARTL,0.0,0.4860214850971733,2.0,catboost,HOLD
2024-10-03,ICICIBANK,0.0,0.40402862429618835,2.0,xgboost,HOLD
2024-10-03,INFY,1.0,0.37939655144210915,2.0,catboost,HOLD
2024-10-03,MARUTI,1.0,0.3767834090826872,1.0,lightgbm,HOLD
2024-10-03,RELIANCE,0.0,0.9356784986600386,0.0,catboost,HOLD
2024-10-03,SBIN,0.0,0.4327633368497232,0.0,catboost,HOLD
2024-10-03,SUNPHARMA,0.0,0.4325786805605174,2.0,lightgbm,HOLD
2024-10-03,TATAMOTORS,0.0,0.5144020999763083,0.0,catboost,HOLD
2024-10-03,TITAN,0.0,0.397333562374115,2.0,xgboost,HOLD
2024-10-03,ULTRACEMCO,0.0,0.14473655930414728,2.0,catboost,SELL
2024-10-03,WIPRO,0.0,0.5032312183872388,2.0,catboost,HOLD
2024-10-04,ASIANPAINT,0.0,0.0452337789712215,2.0,catboost,SELL
2024-10-04,AXISBANK,0.0,0.7272196338555984,2.0,lightgbm,BUY
2024-10-04,BAJFINANCE,1.0,0.4311043883868844,2.0,catboost,HOLD
2024-10-04,BHARTIARTL,1.0,0.781090060774624,3.0,catboost,BUY
2024-10-04,ICICIBANK,0.0,0.1857515126466751,3.0,xgboost,SELL
2024-10-04,INFY,0.0,0.3741998876277369,3.0,catboost,HOLD
2024-10-04,MARUTI,1.0,0.4061434196513194,2.0,lightgbm,HOLD
2024-10-04,RELIANCE,0.0,0.9547750942960122,1.0,catboost,HOLD
2024-10-04,SBIN,0.0,0.7667891452296876,1.0,catboost,HOLD
2024-10-04,SUNPHARMA,0.0,0.5682800027443767,3.0,lightgbm,HOLD
2024-10-04,TATAMOTORS,0.0,0.5144020999763083,1.0,catboost,HOLD
2024-10-04,TITAN,0.0,0.3656913936138153,3.0,xgboost,HOLD
2024-10-04,ULTRACEMCO,0.0,0.33123634329430807,3.0,catboost,HOLD
2024-10-04,WIPRO,0.0,0.4869129286774796,3.0,catboost,HOLD
2024-10-07,ASIANPAINT,0.0,0.04199195760641028,2.0,catboost,SELL
2024-10-07,AXISBANK,1.0,0.7325744435345386,2.0,lightgbm,BUY
2024-10-07,BAJFINANCE,0.0,0.42407749958434904,2.0,catboost,HOLD
2024-10-07,BHARTIARTL,1.0,0.7692825001292163,3.0,catboost,BUY
2024-10-07,ICICIBANK,0.0,0.19905342161655426,3.0,xgboost,SELL
2024-10-07,INFY,1.0,0.38294293159100595,3.0,catboost,HOLD
2024-10-07,MARUTI,0.0,0.44263959697129585,2.0,lightgbm,HOLD
2024-10-07,RELIANCE,0.0,0.7614487797750049,1.0,catboost,HOLD
2024-10-07,SBIN,1.0,0.7898742506328958,1.0,catboost,HOLD
2024-10-07,SUNPHARMA,0.0,0.2981366840719939,3.0,lightgbm,SELL
2024-10-07,TATAMOTORS,0.0,0.5144020999763083,1.0,catboost,HOLD
2024-10-07,TITAN,0.0,0.23010221123695374,2.0,xgboost,SELL
2024-10-07,ULTRACEMCO,0.0,0.6291462447639553,3.0,catboost,BUY
2024-10-07,WIPRO,1.0,0.43083576640690935,3.0,catboost,HOLD
2024-10-08,ASIANPAINT,0.0,0.05039646560564011,2.0,catboost,SELL
2024-10-08,AXISBANK,0.0,0.7325744435345386,2.0,lightgbm,BUY
2024-10-08,BAJFINANCE,0.0,0.42407749958434904,2.0,catboost,HOLD
2024-10-08,BHARTIARTL,1.0,0.7851898136730993,3.0,catboost,BUY
2024-10-08,ICICIBANK,1.0,0.1743396371603012,3.0,xgboost,SELL
2024-10-08,INFY,0.0,0.4551389769660289,3.0,catboost,HOLD
2024-10-08,MARUTI,0.0,0.44656085294859515,2.0,lightgbm,HOLD
2024-10-08,RELIANCE,0.0,0.9585359042723327,1.0,catboost,HOLD
2024-10-08,SBIN,1.0,0.8809653735795556,1.0,catboost,HOLD
2024-10-08,SUNPHARMA,0.0,0.4223316888673957,3.0,lightgbm,HOLD
2024-10-08,TATAMOTORS,0.0,0.5144020999763083,1.0,catboost,HOLD
2024-10-08,TITAN,0.0,0.41520917415618896,2.0,xgboost,HOLD
2024-10-08,ULTRACEMCO,0.0,0.33185432633540685,3.0,catboost,HOLD
2024-10-08,WIPRO,1.0,0.5266912102400093,3.0,catboost,HOLD
2024-10-09,ASIANPAINT,0.0,0.09737543931606764,2.0,catboost,SELL
2024-10-09,AXISBANK,0.0,0.7325744435345386,3.0,lightgbm,BUY
2024-10-09,BAJFINANCE,0.0,0.42407749958434904,2.0,catboost,HOLD
2024-10-09,BHARTIARTL,1.0,0.638165422675056,3.0,catboost,BUY
2024-10-09,ICICIBANK,0.0,0.18647195398807526,3.0,xgboost,SELL
2024-10-09,INFY,0.0,0.43904796417658254,3.0,catboost,HOLD
2024-10-09,MARUTI,0.0,0.3949485080059357,3.0,lightgbm,HOLD
2024-10-09,RELIANCE,0.0,0.9495260438502592,1.0,catboost,HOLD
2024-10-09,SBIN,1.0,0.7933625087758788,1.0,catboost,HOLD
2024-10-09,SUNPHARMA,0.0,0.3994868305350551,3.0,lightgbm,HOLD
2024-10-09,TATAMOTORS,0.0,0.5144020999763083,2.0,catboost,HOLD
2024-10-09,TITAN,0.0,0.5331841707229614,2.0,xgboost,HOLD
2024-10-09,ULTRACEMCO,0.0,0.2843756257373904,3.0,catboost,SELL
2024-10-09,WIPRO,0.0,0.3362139383773328,3.0,catboost,HOLD
2024-10-10,ASIANPAINT,0.0,0.11295314967487112,2.0,catboost,SELL
2024-10-10,AXISBANK,0.0,0.7078399123510029,3.0,lightgbm,BUY
2024-10-10,BAJFINANCE,0.0,0.4734376423297017,2.0,catboost,HOLD
2024-10-10,BHARTIARTL,1.0,0.6466097004979952,3.0,catboost,BUY
2024-10-10,ICICIBANK,0.0,0.16831499338150024,3.0,xgboost,SELL
2024-10-10,INFY,1.0,0.3780036029219539,3.0,catboost,HOLD
2024-10-10,MARUTI,0.0,0.3822055389028547,3.0,lightgbm,HOLD
2024-10-10,RELIANCE,0.0,0.9625599119557727,1.0,catboost,HOLD
2024-10-10,SBIN,1.0,0.8241828383944957,1.0,catboost,HOLD
2024-10-10,SUNPHARMA,0.0,0.5710424715908334,3.0,lightgbm,HOLD
2024-10-10,TATAMOTORS,0.0,0.5144020999763083,2.0,catboost,HOLD
2024-10-10,TITAN,0.0,0.5155311822891235,2.0,xgboost,HOLD
2024-10-10,ULTRACEMCO,0.0,0.3136585508853999,3.0,catboost,HOLD
2024-10-10,WIPRO,0.0,0.4618740522747665,3.0,catboost,HOLD
2024-10-11,ASIANPAINT,0.0,0.2773649392357219,2.0,catboost,SELL
2024-10-11,AXISBANK,1.0,0.7138984381803378,2.0,lightgbm,BUY
2024-10-11,BAJFINANCE,0.0,0.42407749958434904,2.0,catboost,HOLD
2024-10-11,BHARTIARTL,1.0,0.7294750810252665,3.0,catboost,BUY
2024-10-11,ICICIBANK,1.0,0.5068775415420532,3.0,xgboost,HOLD
2024-10-11,INFY,0.0,0.3777515142610131,3.0,catboost,HOLD
2024-10-11,MARUTI,0.0,0.3610983976984745,3.0,lightgbm,HOLD
2024-10-11,RELIANCE,0.0,0.9156486693970575,1.0,catboost,HOLD
2024-10-11,SBIN,1.0,0.7451516457674361,1.0,catboost,HOLD
2024-10-11,SUNPHARMA,0.0,0.2636559446126004,3.0,lightgbm,SELL
2024-10-11,TATAMOTORS,0.0,0.5144020999763083,1.0,catboost,HOLD
2024-10-11,TITAN,0.0,0.5567687153816223,2.0,xgboost,HOLD
2024-10-11,ULTRACEMCO,0.0,0.7692691162281973,3.0,catboost,BUY
2024-10-11,WIPRO,1.0,0.4618740522747665,3.0,catboost,HOLD
2024-10-14,ASIANPAINT,0.0,0.28923122741602164,2.0,catboost,SELL
2024-10-14,AXISBANK,1.0,0.5715927424927919,3.0,lightgbm,HOLD
2024-10-14,BAJFINANCE,0.0,0.42407749958434904,2.0,catboost,HOLD
2024-10-14,BHARTIARTL,0.0,0.48262690837472577,3.0,catboost,HOLD
2024-10-14,ICICIBANK,1.0,0.3803955018520355,3.0,xgboost,HOLD
2024-10-14,INFY,0.0,0.38230412306785283,3.0,catboost,HOLD
2024-10-14,MARUTI,0.0,0.31314747324876013,3.0,lightgbm,HOLD
2024-10-14,RELIANCE,0.0,0.9384002562300352,1.0,catboost,HOLD
2024-10-14,SBIN,1.0,0.49685547930946977,2.0,catboost,HOLD
2024-10-14,SUNPHARMA,0.0,0.23160987426884308,3.0,lightgbm,SELL
2024-10-14,TATAMOTORS,0.0,0.5144020999763083,2.0,catboost,HOLD
2024-10-14,TITAN,0.0,0.5401499271392822,2.0,xgboost,HOLD
2024-10-14,ULTRACEMCO,0.0,0.606892056440444,3.0,catboost,BUY
2024-10-14,WIPRO,0.0,0.3554337561629164,3.0,catboost,HOLD
2024-10-15,ASIANPAINT,0.0,0.37541509731237477,2.0,catboost,HOLD
2024-10-15,AXISBANK,1.0,0.7380681036553952,2.0,lightgbm,BUY
2024-10-15,BAJFINANCE,0.0,0.42407749958434904,2.0,catboost,HOLD
2024-10-15,BHARTIARTL,0.0,0.5134059293826737,3.0,catboost,HOLD
2024-10-15,ICICIBANK,0.0,0.5887606143951416,3.0,xgboost,HOLD
2024-10-15,INFY,0.0,0.3895988283644973,3.0,catboost,HOLD
2024-10-15,MARUTI,0.0,0.266360188423492,2.0,lightgbm,SELL
2024-10-15,RELIANCE,0.0,0.9248926275650629,1.0,catboost,HOLD
2024-10-15,SBIN,0.0,0.456113241445159,2.0,catboost,HOLD
2024-10-15,SUNPHARMA,0.0,0.2714748634252682,3.0,lightgbm,SELL
2024-10-15,TATAMOTORS,0.0,0.5144020999763083,1.0,catboost,HOLD
2024-10-15,TITAN,0.0,0.4110429883003235,2.0,xgboost,HOLD
2024-10-15,ULTRACEMCO,0.0,0.4650468251944427,3.0,catboost,HOLD
2024-10-15,WIPRO,1.0,0.4049308818282262,3.0,catboost,HOLD
2024-10-16,ASIANPAINT,0.0,0.6271504578958946,2.0,catboost,BUY
2024-10-16,AXISBANK,0.0,0.7138984381803378,2.0,lightgbm,BUY
2024-10-16,BAJFINANCE,0.0,0.42407749958434904,2.0,catboost,HOLD
2024-10-16,BHARTIARTL,0.0,0.4024430256689672,3.0,catboost,HOLD
2024-10-16,ICICIBANK,0.0,0.7608681321144104,3.0,xgboost,BUY
2024-10-16,INFY,0.0,0.412927110134952,3.0,catboost,HOLD
2024-10-16,MARUTI,0.0,0.35912773468385395,2.0,lightgbm,HOLD
2024-10-16,RELIANCE,0.0,0.9318595061128208,1.0,catboost,HOLD
2024-10-16,SBIN,0.0,0.23600920694718105,1.0,catboost,SELL
2024-10-16,SUNPHARMA,0.0,0.3794354738132796,3.0,lightgbm,HOLD
2024-10-16,TATAMOTORS,0.0,0.5144020999763083,1.0,catboost,HOLD
2024-10-16,TITAN,0.0,0.3962656557559967,2.0,xgboost,HOLD
2024-10-16,ULTRACEMCO,0.0,0.7845286194595523,3.0,catboost,BUY
2024-10-16,WIPRO,1.0,0.45561664978822863,3.0,catboost,HOLD
2024-10-17,ASIANPAINT,0.0,0.6303316061819711,2.0,catboost,BUY
2024-10-17,AXISBANK,1.0,0.748536479429106,2.0,lightgbm,BUY
2024-10-17,BAJFINANCE,1.0,0.4850686205365884,1.0,catboost,HOLD
2024-10-17,BHARTIARTL,0.0,0.5146888370959247,3.0,catboost,HOLD
2024-10-17,ICICIBANK,1.0,0.8113235831260681,3.0,xgboost,BUY
2024-10-17,INFY,0.0,0.3122250633814836,3.0,catboost,HOLD
2024-10-17,MARUTI,0.0,0.44950431063846735,2.0,lightgbm,HOLD
2024-10-17,RELIANCE,0.0,0.975871767452562,1.0,catboost,HOLD
2024-10-17,SBIN,0.0,0.18650215034064793,1.0,catboost,SELL
2024-10-17,SUNPHARMA,0.0,0.4644999350097047,3.0,lightgbm,HOLD
2024-10-17,TATAMOTORS,0.0,0.5144020999763083,1.0,catboost,HOLD
2024-10-17,TITAN,0.0,0.67044597864151,1.0,xgboost,HOLD
2024-10-17,ULTRACEMCO,0.0,0.7985159248326351,3.0,catboost,BUY
2024-10-17,WIPRO,1.0,0.5116722648401967,3.0,catboost,HOLD
2024-10-18,ASIANPAINT,0.0,0.5644747964431842,2.0,catboost,HOLD
2024-10-18,AXISBANK,0.0,0.7168180900605807,2.0,lightgbm,BUY
2024-10-18,BAJFINANCE,0.0,0.42407749958434904,1.0,catboost,HOLD
2024-10-18,BHARTIARTL,0.0,0.5146888370959247,3.0,catboost,HOLD
2024-10-18,ICICIBANK,0.0,0.8794534802436829,3.0,xgboost,BUY
2024-10-18,INFY,0.0,0.31204222326495634,3.0,catboost,HOLD
2024-10-18,MARUTI,0.0,0.5015471359742649,2.0,lightgbm,HOLD
2024-10-18,RELIANCE,0.0,0.7549331761186254,1.0,catboost,HOLD
2024-10-18,SBIN,0.0,0.33633529805083034,1.0,catboost,HOLD
2024-10-18,SUNPHARMA,0.0,0.4232853400067579,3.0,lightgbm,HOLD
2024-10-18,TATAMOTORS,0.0,0.5144020999763083,1.0,catboost,HOLD
2024-10-18,TITAN,0.0,0.6633720397949219,1.0,xgboost,HOLD
2024-10-18,ULTRACEMCO,0.0,0.8052135702496579,3.0,catboost,BUY
2024-10-18,WIPRO,0.0,0.45561664978822863,3.0,catboost,HOLD
2024-10-21,ASIANPAINT,0.0,0.6372882397772401,2.0,catboost,BUY
2024-10-21,AXISBANK,0.0,0.694964749723176,1.0,lightgbm,HOLD
2024-10-21,BAJFINANCE,1.0,0.48428984396523883,1.0,catboost,HOLD
2024-10-21,BHARTIARTL,0.0,0.5428059482410229,3.0,catboost,HOLD
2024-10-21,ICICIBANK,1.0,0.9535134434700012,3.0,xgboost,BUY
2024-10-21,INFY,0.0,0.3952286483675294,3.0,catboost,HOLD
2024-10-21,MARUTI,0.0,0.40679058147895414,2.0,lightgbm,HOLD
2024-10-21,RELIANCE,0.0,0.8011340065714052,1.0,catboost,HOLD
2024-10-21,SBIN,0.0,0.3014622128630505,1.0,catboost,HOLD
2024-10-21,SUNPHARMA,0.0,0.34757558082509515,3.0,lightgbm,HOLD
2024-10-21,TATAMOTORS,0.0,0.5144020999763083,1.0,catboost,HOLD
2024-10-21,TITAN,0.0,0.6830267310142517,1.0,xgboost,HOLD
2024-10-21,ULTRACEMCO,1.0,0.831286338991229,2.0,catboost,BUY
2024-10-21,WIPRO,1.0,0.43873235594975374,3.0,catboost,HOLD
2024-10-22,ASIANPAINT,0.0,0.6655786579719036,2.0,catboost,BUY
2024-10-22,AXISBANK,0.0,0.7383247167092281,1.0,lightgbm,HOLD
2024-10-22,BAJFINANCE,1.0,0.48428984396523883,1.0,catboost,HOLD
2024-10-22,BHARTIARTL,0.0,0.5772844348924897,3.0,catboost,HOLD
2024-10-22,ICICIBANK,1.0,0.9402706623077393,3.0,xgboost,BUY
2024-10-22,INFY,0.0,0.4339384687224746,3.0,catboost,HOLD
2024-10-22,MARUTI,0.0,0.3872278102606856,2.0,lightgbm,HOLD
2024-10-22,RELIANCE,0.0,0.5639302304535023,1.0,catboost,HOLD
2024-10-22,SBIN,1.0,0.8240770176076847,1.0,catboost,HOLD
2024-10-22,SUNPHARMA,0.0,0.27375861945312996,3.0,lightgbm,SELL
2024-10-22,TATAMOTORS,0.0,0.5144020999763083,1.0,catboost,HOLD
2024-10-22,TITAN,0.0,0.6580229997634888,1.0,xgboost,HOLD
2024-10-22,ULTRACEMCO,1.0,0.8711305201397193,2.0,catboost,BUY
2024-10-22,WIPRO,1.0,0.494597994793466,3.0,catboost,HOLD
2024-10-23,ASIANPAINT,0.0,0.6502588429982574,2.0,catboost,BUY
2024-10-23,AXISBANK,0.0,0.7331313223681548,1.0,lightgbm,HOLD
2024-10-23,BAJFINANCE,0.0,0.48898518718739686,1.0,catboost,HOLD
2024-10-23,BHARTIARTL,0.0,0.5237010604212459,3.0,catboost,HOLD
2024-10-23,ICICIBANK,1.0,0.91504967212677,3.0,xgboost,BUY
2024-10-23,INFY,0.0,0.4160287513129894,3.0,catboost,HOLD
2024-10-23,MARUTI,0.0,0.34879340701178096,2.0,lightgbm,HOLD
2024-10-23,RELIANCE,0.0,0.558447972107789,1.0,catboost,HOLD
2024-10-23,SBIN,1.0,0.819881516633211,1.0,catboost,HOLD
2024-10-23,SUNPHARMA,0.0,0.3277802636733867,3.0,lightgbm,HOLD
2024-10-23,TATAMOTORS,0.0,0.5144020999763083,1.0,catboost,HOLD
2024-10-23,TITAN,0.0,0.7716224193572998,1.0,xgboost,HOLD
2024-10-23,ULTRACEMCO,1.0,0.8619952384012394,2.0,catboost,BUY
2024-10-23,WIPRO,1.0,0.494597994793466,3.0,catboost,HOLD
2024-10-24,ASIANPAINT,0.0,0.6585775729214226,2.0,catboost,BUY
2024-10-24,AXISBANK,0.0,0.7562310073782249,1.0,lightgbm,HOLD
2024-10-24,BAJFINANCE,0.0,0.48898518718739686,1.0,catboost,HOLD
2024-10-24,BHARTIARTL,0.0,0.7417295946448447,3.0,catboost,BUY
2024-10-24,ICICIBANK,1.0,0.9185578227043152,3.0,xgboost,BUY
2024-10-24,INFY,0.0,0.4160287513129894,3.0,catboost,HOLD
2024-10-24,MARUTI,0.0,0.34879340701178096,2.0,lightgbm,HOLD
2024-10-24,RELIANCE,0.0,0.31119275032619087,1.0,catboost,HOLD
2024-10-24,SBIN,1.0,0.6627050295249781,1.0,catboost,HOLD
2024-10-24,SUNPHARMA,0.0,0.32047541727872747,3.0,lightgbm,HOLD
2024-10-24,TATAMOTORS,0.0,0.5144020999763083,1.0,catboost,HOLD
2024-10-24,TITAN,0.0,0.7416394352912903,1.0,xgboost,HOLD
2024-10-24,ULTRACEMCO,0.0,0.8867791845009931,2.0,catboost,BUY
2024-10-24,WIPRO,0.0,0.48892495373644146,3.0,catboost,HOLD
2024-10-25,ASIANPAINT,0.0,0.6844581942755924,2.0,catboost,BUY
2024-10-25,AXISBANK,0.0,0.694964749723176,1.0,lightgbm,HOLD
2024-10-25,BAJFINANCE,0.0,0.48898518718739686,1.0,catboost,HOLD
2024-10-25,BHARTIARTL,0.0,0.789908254457166,3.0,catboost,BUY
2024-10-25,ICICIBANK,1.0,0.9655032753944397,3.0,xgboost,BUY
2024-10-25,INFY,0.0,0.407028974186433,3.0,catboost,HOLD
2024-10-25,MARUTI,0.0,0.36757922848244623,2.0,lightgbm,HOLD
2024-10-25,RELIANCE,0.0,0.261100293062791,1.0,catboost,SELL
2024-10-25,SBIN,1.0,0.6721504524643157,1.0,catboost,HOLD
2024-10-25,SUNPHARMA,0.0,0.35132022732427653,3.0,lightgbm,HOLD
2024-10-25,TATAMOTORS,0.0,0.5144020999763083,1.0,catboost,HOLD
2024-10-25,TITAN,0.0,0.8175796866416931,1.0,xgboost,HOLD
2024-10-25,ULTRACEMCO,1.0,0.871008447112222,2.0,catboost,BUY
2024-10-25,WIPRO,1.0,0.47191118837536183,3.0,catboost,HOLD
2024-10-28,ASIANPAINT,0.0,0.7003200755027328,2.0,catboost,BUY
2024-10-28,AXISBANK,0.0,0.7240696376881363,1.0,lightgbm,HOLD
2024-10-28,BAJFINANCE,0.0,0.48898518718739686,1.0,catboost,HOLD
2024-10-28,BHARTIARTL,0.0,0.8304991624214415,3.0,catboost,BUY
2024-10-28,ICICIBANK,0.0,0.6742578148841858,3.0,xgboost,BUY
2024-10-28,INFY,0.0,0.35656446262738667,3.0,catboost,HOLD
2024-10-28,MARUTI,0.0,0.36757922848244623,2.0,lightgbm,HOLD
2024-10-28,RELIANCE,0.0,0.11204030941892809,1.0,catboost,SELL
2024-10-28,SBIN,1.0,0.6323376898311658,1.0,catboost,HOLD
2024-10-28,SUNPHARMA,0.0,0.38072357925340455,3.0,lightgbm,HOLD
2024-10-28,TATAMOTORS,0.0,0.5144020999763083,1.0,catboost,HOLD
2024-10-28,TITAN,0.0,0.6661931276321411,1.0,xgboost,HOLD
2024-10-28,ULTRACEMCO,0.0,0.8266430021334257,3.0,catboost,BUY
2024-10-28,WIPRO,0.0,0.48892495373644146,3.0,catboost,HOLD
2024-10-29,ASIANPAINT,0.0,0.5432088979159531,2.0,catboost,HOLD
2024-10-29,AXISBANK,0.0,0.7301643787096249,1.0,lightgbm,HOLD
2024-10-29,BAJFINANCE,0.0,0.5162473375618332,1.0,catboost,HOLD
2024-10-29,BHARTIARTL,0.0,0.8225446186061829,3.0,catboost,BUY
2024-10-29,ICICIBANK,0.0,0.42428308725357056,3.0,xgboost,HOLD
2024-10-29,INFY,0.0,0.3935576969459209,3.0,catboost,HOLD
2024-10-29,MARUTI,1.0,0.5145364727584005,1.0,lightgbm,HOLD
2024-10-29,RELIANCE,0.0,0.15005488434987288,1.0,catboost,SELL
2024-10-29,SBIN,1.0,0.7868886606077847,1.0,catboost,HOLD
2024-10-29,SUNPHARMA,0.0,0.6481228371385672,3.0,lightgbm,BUY
2024-10-29,TATAMOTORS,0.0,0.5144020999763083,1.0,catboost,HOLD
2024-10-29,TITAN,0.0,0.5155494809150696,1.0,xgboost,HOLD
2024-10-29,ULTRACEMCO,0.0,0.7870038920406225,3.0,catboost,BUY
2024-10-29,WIPRO,0.0,0.48892495373644146,3.0,catboost,HOLD
2024-10-30,ASIANPAINT,0.0,0.6142274608394177,2.0,catboost,BUY
2024-10-30,AXISBANK,0.0,0.7444214578808331,1.0,lightgbm,HOLD
2024-10-30,BAJFINANCE,0.0,0.5162473375618332,1.0,catboost,HOLD
2024-10-30,BHARTIARTL,0.0,0.8284878337731151,3.0,catboost,BUY
2024-10-30,ICICIBANK,0.0,0.39268338680267334,3.0,xgboost,HOLD
2024-10-30,INFY,1.0,0.40361142343961276,3.0,catboost,HOLD
2024-10-30,MARUTI,0.0,0.4800360052551654,1.0,lightgbm,HOLD
2024-10-30,RELIANCE,0.0,0.11831359443499331,1.0,catboost,SELL
2024-10-30,SBIN,1.0,0.7442170366260211,1.0,catboost,HOLD
2024-10-30,SUNPHARMA,0.0,0.5297595570058437,3.0,lightgbm,HOLD
2024-10-30,TATAMOTORS,0.0,0.5144020999763083,1.0,catboost,HOLD
2024-10-30,TITAN,0.0,0.46737733483314514,1.0,xgboost,HOLD
2024-10-30,ULTRACEMCO,0.0,0.4007844221352213,2.0,catboost,HOLD
2024-10-30,WIPRO,0.0,0.43315091917232784,3.0,catboost,HOLD
2024-10-31,ASIANPAINT,0.0,0.7774865319126907,2.0,catboost,BUY
2024-10-31,AXISBANK,0.0,0.7613177473187468,1.0,lightgbm,HOLD
2024-10-31,BAJFINANCE,0.0,0.5162473375618332,1.0,catboost,HOLD
2024-10-31,BHARTIARTL,0.0,0.8323820983848028,3.0,catboost,BUY
2024-10-31,ICICIBANK,0.0,0.8773982524871826,3.0,xgboost,BUY
2024-10-31,INFY,1.0,0.48125140871824923,3.0,catboost,HOLD
2024-10-31,MARUTI,1.0,0.6276085023550201,1.0,lightgbm,HOLD
2024-10-31,RELIANCE,0.0,0.13514586753540084,0.0,catboost,SELL
2024-10-31,SBIN,1.0,0.7859839760210137,1.0,catboost,HOLD
2024-10-31,SUNPHARMA,0.0,0.7359487197517599,3.0,lightgbm,BUY
2024-10-31,TATAMOTORS,0.0,0.5144020999763083,1.0,catboost,HOLD
2024-10-31,TITAN,0.0,0.3950237035751343,0.0,xgboost,HOLD
2024-10-31,ULTRACEMCO,0.0,0.3972580223171014,2.0,catboost,HOLD
2024-10-31,WIPRO,1.0,0.47191118837536183,3.0,catboost,HOLD
2024-11-01,ASIANPAINT,0.0,0.8242530152209196,1.0,catboost,HOLD
2024-11-01,AXISBANK,0.0,0.7641833755628642,1.0,lightgbm,HOLD
2024-11-01,BAJFINANCE,0.0,0.5162473375618332,1.0,catboost,HOLD
2024-11-01,BHARTIARTL,0.0,0.8297407705181647,3.0,catboost,BUY
2024-11-01,ICICIBANK,0.0,0.6936530470848083,3.0,xgboost,BUY
2024-11-01,INFY,1.0,0.4980567373623992,3.0,catboost,HOLD
2024-11-01,MARUTI,1.0,0.5254103640283111,1.0,lightgbm,HOLD
2024-11-01,RELIANCE,0.0,0.3796614270033994,0.0,catboost,HOLD
2024-11-01,SBIN,1.0,0.5862584721781543,1.0,catboost,HOLD
2024-11-01,SUNPHARMA,0.0,0.5207598961023409,3.0,lightgbm,HOLD
2024-11-01,TATAMOTORS,0.0,0.5144020999763083,1.0,catboost,HOLD
2024-11-01,TITAN,0.0,0.3123666048049927,0.0,xgboost,HOLD
2024-11-01,ULTRACEMCO,0.0,0.353674349290941,2.0,catboost,HOLD
2024-11-01,WIPRO,1.0,0.47191118837536183,3.0,catboost,HOLD
2024-11-04,ASIANPAINT,0.0,0.8434631395161554,1.0,catboost,HOLD
2024-11-04,AXISBANK,1.0,0.7672651837069836,1.0,lightgbm,HOLD
2024-11-04,BAJFINANCE,0.0,0.5162473375618332,1.0,catboost,HOLD
2024-11-04,BHARTIARTL,0.0,0.8010239399646011,3.0,catboost,BUY
2024-11-04,ICICIBANK,0.0,0.9540001153945923,3.0,xgboost,BUY
2024-11-04,INFY,1.0,0.49467834635021873,3.0,catboost,HOLD
2024-11-04,MARUTI,1.0,0.6110601666913833,1.0,lightgbm,HOLD
2024-11-04,RELIANCE,0.0,0.09336786556014198,0.0,catboost,SELL
2024-11-04,SBIN,1.0,0.8137075177028785,1.0,catboost,HOLD
2024-11-04,SUNPHARMA,0.0,0.7041526973108864,3.0,lightgbm,BUY
2024-11-04,TATAMOTORS,0.0,0.5144020999763083,1.0,catboost,HOLD
2024-11-04,TITAN,0.0,0.36234521865844727,0.0,xgboost,HOLD
2024-11-04,ULTRACEMCO,0.0,0.9313389095492163,1.0,catboost,HOLD
2024-11-04,WIPRO,1.0,0.4781351786181932,3.0,catboost,HOLD
2024-11-05,ASIANPAINT,0.0,0.7883898530074044,1.0,catboost,HOLD
2024-11-05,AXISBANK,0.0,0.7342911881388721,1.0,lightgbm,HOLD
2024-11-05,BAJFINANCE,0.0,0.5162473375618332,1.0,catboost,HOLD
2024-11-05,BHARTIARTL,0.0,0.8252348873496964,3.0,catboost,BUY
2024-11-05,ICICIBANK,0.0,0.9507113099098206,3.0,xgboost,BUY
2024-11-05,INFY,1.0,0.3163212504229549,3.0,catboost,HOLD
2024-11-05,MARUTI,0.0,0.5254103640283111,1.0,lightgbm,HOLD
2024-11-05,RELIANCE,0.0,0.07942083105142288,0.0,catboost,SELL
2024-11-05,SBIN,0.0,0.6696468964902966,2.0,catboost,BUY
2024-11-05,SUNPHARMA,0.0,0.7041526973108864,3.0,lightgbm,BUY
2024-11-05,TATAMOTORS,0.0,0.5144020999763083,1.0,catboost,HOLD
2024-11-05,TITAN,0.0,0.3782918453216553,0.0,xgboost,HOLD
2024-11-05,ULTRACEMCO,0.0,0.928856535216857,1.0,catboost,HOLD
2024-11-05,WIPRO,1.0,0.47017761107543027,3.0,catboost,HOLD
2024-11-06,ASIANPAINT,0.0,0.7337272337065714,0.0,catboost,HOLD
2024-11-06,AXISBANK,0.0,0.7342911881388721,1.0,lightgbm,HOLD
2024-11-06,BAJFINANCE,0.0,0.5162473375618332,1.0,catboost,HOLD
2024-11-06,BHARTIARTL,0.0,0.7896123481777443,3.0,catboost,BUY
2024-11-06,ICICIBANK,0.0,0.9728073477745056,3.0,xgboost,BUY
2024-11-06,INFY,1.0,0.36363811713043626,3.0,catboost,HOLD
2024-11-06,MARUTI,0.0,0.510657106141469,1.0,lightgbm,HOLD
2024-11-06,RELIANCE,0.0,0.07944054617348746,0.0,catboost,SELL
2024-11-06,SBIN,0.0,0.5292232511319303,2.0,catboost,HOLD
2024-11-06,SUNPHARMA,0.0,0.6860549652621474,3.0,lightgbm,BUY
2024-11-06,TATAMOTORS,0.0,0.5144020999763083,1.0,catboost,HOLD
2024-11-06,TITAN,0.0,0.39984235167503357,0.0,xgboost,HOLD
2024-11-06,ULTRACEMCO,0.0,0.88177776875458,1.0,catboost,HOLD
2024-11-06,WIPRO,0.0,0.4785983779997226,3.0,catboost,HOLD
2024-11-07,ASIANPAINT,0.0,0.6650946957705957,0.0,catboost,HOLD
2024-11-07,AXISBANK,0.0,0.7342911881388721,1.0,lightgbm,HOLD
2024-11-07,BAJFINANCE,0.0,0.5162473375618332,1.0,catboost,HOLD
2024-11-07,BHARTIARTL,0.0,0.7966516139682687,3.0,catboost,BUY
2024-11-07,ICICIBANK,0.0,0.9738963842391968,3.0,xgboost,BUY
2024-11-07,INFY,1.0,0.31060322831843357,3.0,catboost,HOLD
2024-11-07,MARUTI,0.0,0.4845964768641697,1.0,lightgbm,HOLD
2024-11-07,RELIANCE,0.0,0.08169547559795629,0.0,catboost,SELL
2024-11-07,SBIN,0.0,0.3916331246764692,2.0,catboost,HOLD
2024-11-07,SUNPHARMA,0.0,0.7041526973108864,3.0,lightgbm,BUY
2024-11-07,TATAMOTORS,0.0,0.5144020999763083,1.0,catboost,HOLD
2024-11-07,TITAN,1.0,0.5805307030677795,0.0,xgboost,HOLD
2024-11-07,ULTRACEMCO,0.0,0.9179594876557953,1.0,catboost,HOLD
2024-11-07,WIPRO,0.0,0.4865675807496202,3.0,catboost,HOLD
2024-11-08,ASIANPAINT,0.0,0.5742884206159128,0.0,catboost,HOLD
2024-11-08,AXISBANK,0.0,0.7342911881388721,1.0,lightgbm,HOLD
2024-11-08,BAJFINANCE,0.0,0.5162473375618332,0.0,catboost,HOLD
2024-11-08,BHARTIARTL,0.0,0.8323557461657217,3.0,catboost,BUY
2024-11-08,ICICIBANK,0.0,0.9578778147697449,3.0,xgboost,BUY
2024-11-08,INFY,0.0,0.3749944868976377,3.0,catboost,HOLD
2024-11-08,MARUTI,0.0,0.4719053218031727,1.0,lightgbm,HOLD
2024-11-08,RELIANCE,0.0,0.08026863105249905,0.0,catboost,SELL
2024-11-08,SBIN,0.0,0.7022279815778288,2.0,catboost,BUY
2024-11-08,SUNPHARMA,0.0,0.664170807420636,3.0,lightgbm,BUY
2024-11-08,TATAMOTORS,0.0,0.4879415920725926,0.0,catboost,HOLD
2024-11-08,TITAN,0.0,0.42570599913597107,0.0,xgboost,HOLD
2024-11-08,ULTRACEMCO,0.0,0.9179594876557953,1.0,catboost,HOLD
2024-11-08,WIPRO,0.0,0.4554411605632848,3.0,catboost,HOLD
2024-11-11,ASIANPAINT,0.0,0.5247920914864193,0.0,catboost,HOLD
2024-11-11,AXISBANK,0.0,0.7573237096046737,1.0,lightgbm,HOLD
2024-11-11,BAJFINANCE,0.0,0.5162473375618332,0.0,catboost,HOLD
2024-11-11,BHARTIARTL,0.0,0.7772615495962876,3.0,catboost,BUY
2024-11-11,ICICIBANK,0.0,0.9723942875862122,3.0,xgboost,BUY
2024-11-11,INFY,0.0,0.4109860318405127,3.0,catboost,HOLD
2024-11-11,MARUTI,0.0,0.4719053218031727,1.0,lightgbm,HOLD
2024-11-11,RELIANCE,0.0,0.11997819917444075,0.0,catboost,SELL
2024-11-11,SBIN,0.0,0.5921887108478331,2.0,catboost,HOLD
2024-11-11,SUNPHARMA,0.0,0.573996208600579,3.0,lightgbm,HOLD
2024-11-11,TATAMOTORS,0.0,0.5144020999763083,0.0,catboost,HOLD
2024-11-11,TITAN,0.0,0.3077843189239502,0.0,xgboost,HOLD
2024-11-11,ULTRACEMCO,0.0,0.9291342854175473,1.0,catboost,HOLD
2024-11-11,WIPRO,0.0,0.49653866025366594,3.0,catboost,HOLD
2024-11-12,ASIANPAINT,0.0,0.5135292216866578,0.0,catboost,HOLD
2024-11-12,AXISBANK,0.0,0.7573237096046737,1.0,lightgbm,HOLD
2024-11-12,BAJFINANCE,0.0,0.5303267409165687,0.0,catboost,HOLD
2024-11-12,BHARTIARTL,0.0,0.7792460253572393,3.0,catboost,BUY
2024-11-12,ICICIBANK,0.0,0.9817849397659302,3.0,xgboost,BUY
2024-11-12,INFY,0.0,0.44611979416210196,3.0,catboost,HOLD
2024-11-12,MARUTI,0.0,0.536340964217349,1.0,lightgbm,HOLD
2024-11-12,RELIANCE,0.0,0.15843530108695517,0.0,catboost,SELL
2024-11-12,SBIN,0.0,0.8175561802856856,1.0,catboost,HOLD
2024-11-12,SUNPHARMA,0.0,0.6512156959994921,3.0,lightgbm,BUY
2024-11-12,TATAMOTORS,0.0,0.4879415920725926,0.0,catboost,HOLD
2024-11-12,TITAN,0.0,0.2746637165546417,0.0,xgboost,SELL
2024-11-12,ULTRACEMCO,0.0,0.8971913100209142,1.0,catboost,HOLD
2024-11-12,WIPRO,0.0,0.48892495373644146,3.0,catboost,HOLD
2024-11-13,ASIANPAINT,0.0,0.5949663884644762,0.0,catboost,HOLD
2024-11-13,AXISBANK,0.0,0.7342911881388721,1.0,lightgbm,HOLD
2024-11-13,BAJFINANCE,1.0,0.5030943179341629,0.0,catboost,HOLD
2024-11-13,BHARTIARTL,1.0,0.7684461665264924,3.0,catboost,BUY
2024-11-13,ICICIBANK,1.0,0.8240190744400024,3.0,xgboost,BUY
2024-11-13,INFY,1.0,0.4093338532720742,3.0,catboost,HOLD
2024-11-13,MARUTI,0.0,0.5537467236453353,1.0,lightgbm,HOLD
2024-11-13,RELIANCE,1.0,0.10894252993296452,0.0,catboost,SELL
2024-11-13,SBIN,0.0,0.528695328208903,1.0,catboost,HOLD
2024-11-13,SUNPHARMA,0.0,0.637314206753829,3.0,lightgbm,BUY
2024-11-13,TATAMOTORS,0.0,0.4879415920725926,0.0,catboost,HOLD
2024-11-13,TITAN,1.0,0.2906586229801178,0.0,xgboost,SELL
2024-11-13,ULTRACEMCO,1.0,0.9004305430458186,1.0,catboost,HOLD
2024-11-13,WIPRO,0.0,0.4489504362054577,3.0,catboost,HOLD
2024-11-14,ASIANPAINT,0.0,0.5107634780417941,0.0,catboost,HOLD
2024-11-14,AXISBANK,1.0,0.7573237096046737,1.0,lightgbm,HOLD
2024-11-14,BAJFINANCE,1.0,0.5030943179341629,0.0,catboost,HOLD
2024-11-14,BHARTIARTL,1.0,0.7937161565371398,3.0,catboost,BUY
2024-11-14,ICICIBANK,1.0,0.7459245920181274,3.0,xgboost,BUY
2024-11-14,INFY,1.0,0.4714613518777433,3.0,catboost,HOLD
2024-11-14,MARUTI,0.0,0.5537467236453353,1.0,lightgbm,HOLD
2024-11-14,RELIANCE,1.0,0.15834036281912445,0.0,catboost,SELL
2024-11-14,SBIN,1.0,0.6242130870572067,2.0,catboost,BUY
2024-11-14,SUNPHARMA,1.0,0.6793802958660722,3.0,lightgbm,BUY
2024-11-14,TATAMOTORS,1.0,0.4879415920725926,0.0,catboost,HOLD
2024-11-14,TITAN,1.0,0.31379830837249756,1.0,xgboost,HOLD
2024-11-14,ULTRACEMCO,1.0,0.8563723863531021,1.0,catboost,HOLD
2024-11-14,WIPRO,1.0,0.4489504362054577,3.0,catboost,HOLD
2024-11-18,ASIANPAINT,0.0,0.5202870488457602,0.0,catboost,HOLD
2024-11-18,AXISBANK,1.0,0.7342911881388721,1.0,lightgbm,HOLD
2024-11-18,BAJFINANCE,0.0,0.5030943179341629,0.0,catboost,HOLD
2024-11-18,BHARTIARTL,1.0,0.7984723024071708,3.0,catboost,BUY
2024-11-18,ICICIBANK,1.0,0.9275416731834412,3.0,xgboost,BUY
2024-11-18,INFY,1.0,0.42831935043293773,3.0,catboost,HOLD
2024-11-18,MARUTI,0.0,0.536340964217349,1.0,lightgbm,HOLD
2024-11-18,RELIANCE,1.0,0.17431774745350567,0.0,catboost,SELL
2024-11-18,SBIN,1.0,0.685163790656856,2.0,catboost,BUY
2024-11-18,SUNPHARMA,0.0,0.47223143990392424,3.0,lightgbm,HOLD
2024-11-18,TATAMOTORS,1.0,0.4879415920725926,0.0,catboost,HOLD
2024-11-18,TITAN,1.0,0.24168772995471954,0.0,xgboost,SELL
2024-11-18,ULTRACEMCO,1.0,0.8878027490795092,1.0,catboost,HOLD
2024-11-18,WIPRO,1.0,0.4781351786181932,3.0,catboost,HOLD
2024-11-19,ASIANPAINT,0.0,0.7473542804074331,0.0,catboost,HOLD
2024-11-19,AXISBANK,1.0,0.7342911881388721,1.0,lightgbm,HOLD
2024-11-19,BAJFINANCE,1.0,0.465136918481136,0.0,catboost,HOLD
2024-11-19,BHARTIARTL,1.0,0.8073682998613926,3.0,catboost,BUY
2024-11-19,ICICIBANK,1.0,0.9076996445655823,3.0,xgboost,BUY
2024-11-19,INFY,1.0,0.44537604169932904,3.0,catboost,HOLD
2024-11-19,MARUTI,0.0,0.515966958811822,1.0,lightgbm,HOLD
2024-11-19,RELIANCE,1.0,0.07477284643642768,0.0,catboost,SELL
2024-11-19,SBIN,1.0,0.7174316519736529,2.0,catboost,BUY
2024-11-19,SUNPHARMA,0.0,0.7005719885850772,3.0,lightgbm,BUY
2024-11-19,TATAMOTORS,0.0,0.4879415920725926,0.0,catboost,HOLD
2024-11-19,TITAN,1.0,0.21124108135700226,0.0,xgboost,SELL
2024-11-19,ULTRACEMCO,1.0,0.9316351523365716,1.0,catboost,HOLD
2024-11-19,WIPRO,1.0,0.4781351786181932,3.0,catboost,HOLD
2024-11-21,ASIANPAINT,1.0,0.7639054500863753,0.0,catboost,HOLD
2024-11-21,AXISBANK,0.0,0.7342911881388721,1.0,lightgbm,HOLD
2024-11-21,BAJFINANCE,0.0,0.5030943179341629,0.0,catboost,HOLD
2024-11-21,BHARTIARTL,1.0,0.7975868809684724,3.0,catboost,BUY
2024-11-21,ICICIBANK,1.0,0.878937840461731,3.0,xgboost,BUY
2024-11-21,INFY,1.0,0.43437293821365786,3.0,catboost,HOLD
2024-11-21,MARUTI,0.0,0.562990747968074,1.0,lightgbm,HOLD
2024-11-21,RELIANCE,1.0,0.12321406574897072,0.0,catboost,SELL
2024-11-21,SBIN,1.0,0.448113905798156,2.0,catboost,HOLD
2024-11-21,SUNPHARMA,0.0,0.5564030480518558,3.0,lightgbm,HOLD
2024-11-21,TATAMOTORS,0.0,0.4879415920725926,0.0,catboost,HOLD
2024-11-21,TITAN,1.0,0.20332103967666626,0.0,xgboost,SELL
2024-11-21,ULTRACEMCO,0.0,0.8842994525328571,1.0,catboost,HOLD
2024-11-21,WIPRO,1.0,0.4667381955094986,3.0,catboost,HOLD
2024-11-22,ASIANPAINT,0.0,0.7312559224879106,0.0,catboost,HOLD
2024-11-22,AXISBANK,0.0,0.7573237096046737,1.0,lightgbm,HOLD
2024-11-22,BAJFINANCE,0.0,0.4923505065132624,0.0,catboost,HOLD
2024-11-22,BHARTIARTL,1.0,0.5759547804167597,3.0,catboost,HOLD
2024-11-22,ICICIBANK,1.0,0.9459296464920044,3.0,xgboost,BUY
2024-11-22,INFY,0.0,0.4805493144456528,3.0,catboost,HOLD
2024-11-22,MARUTI,0.0,0.515966958811822,1.0,lightgbm,HOLD
2024-11-22,RELIANCE,1.0,0.06489431312225699,0.0,catboost,SELL
2024-11-22,SBIN,1.0,0.7039249353909792,2.0,catboost,BUY
2024-11-22,SUNPHARMA,0.0,0.3776129143400593,3.0,lightgbm,HOLD
2024-11-22,TATAMOTORS,0.0,0.4879415920725926,0.0,catboost,HOLD
2024-11-22,TITAN,0.0,0.11491455137729645,1.0,xgboost,SELL
2024-11-22,ULTRACEMCO,0.0,0.7972583082920545,1.0,catboost,HOLD
2024-11-22,WIPRO,1.0,0.5116722648401967,3.0,catboost,HOLD
2024-11-25,ASIANPAINT,0.0,0.7946941587974901,0.0,catboost,HOLD
2024-11-25,AXISBANK,0.0,0.7573237096046737,1.0,lightgbm,HOLD
2024-11-25,BAJFINANCE,0.0,0.4923505065132624,0.0,catboost,HOLD
2024-11-25,BHARTIARTL,1.0,0.5400115750163033,3.0,catboost,HOLD
2024-11-25,ICICIBANK,0.0,0.9690564274787903,3.0,xgboost,BUY
2024-11-25,INFY,0.0,0.5299647233583225,3.0,catboost,HOLD
2024-11-25,MARUTI,1.0,0.5253227302913175,1.0,lightgbm,HOLD
2024-11-25,RELIANCE,1.0,0.07556758390969695,0.0,catboost,SELL
2024-11-25,SBIN,0.0,0.7255483057854216,2.0,catboost,BUY
2024-11-25,SUNPHARMA,0.0,0.44135067922760546,3.0,lightgbm,HOLD
2024-11-25,TATAMOTORS,0.0,0.4879415920725926,0.0,catboost,HOLD
2024-11-25,TITAN,0.0,0.14789912104606628,1.0,xgboost,SELL
2024-11-25,ULTRACEMCO,1.0,0.33737088719545527,1.0,catboost,HOLD
2024-11-25,WIPRO,0.0,0.48044265487218835,3.0,catboost,HOLD
2024-11-26,ASIANPAINT,0.0,0.74158662486368,0.0,catboost,HOLD
2024-11-26,AXISBANK,1.0,0.7573237096046737,1.0,lightgbm,HOLD
2024-11-26,BAJFINANCE,0.0,0.4923505065132624,1.0,catboost,HOLD
2024-11-26,BHARTIARTL,1.0,0.5884772049228363,3.0,catboost,HOLD
2024-11-26,ICICIBANK,0.0,0.9773209691047668,3.0,xgboost,BUY
2024-11-26,INFY,0.0,0.6315112252349286,3.0,catboost,BUY
2024-11-26,MARUTI,1.0,0.5253227302913175,1.0,lightgbm,HOLD
2024-11-26,RELIANCE,1.0,0.09980521524606016,0.0,catboost,SELL
2024-11-26,SBIN,1.0,0.692252834851299,2.0,catboost,BUY
2024-11-26,SUNPHARMA,1.0,0.6295985476934165,3.0,lightgbm,BUY
2024-11-26,TATAMOTORS,1.0,0.4879415920725926,0.0,catboost,HOLD
2024-11-26,TITAN,0.0,0.12127377837896347,1.0,xgboost,SELL
2024-11-26,ULTRACEMCO,1.0,0.8767514528720415,1.0,catboost,HOLD
2024-11-26,WIPRO,0.0,0.47191118837536183,3.0,catboost,HOLD
2024-11-27,ASIANPAINT,0.0,0.7103325167784468,0.0,catboost,HOLD
2024-11-27,AXISBANK,0.0,0.7573237096046737,1.0,lightgbm,HOLD
2024-11-27,BAJFINANCE,0.0,0.4923505065132624,1.0,catboost,HOLD
2024-11-27,BHARTIARTL,0.0,0.5294149955705535,3.0,catboost,HOLD
2024-11-27,ICICIBANK,1.0,0.9579175710678101,3.0,xgboost,BUY
2024-11-27,INFY,0.0,0.614898187634673,2.0,catboost,BUY
2024-11-27,MARUTI,0.0,0.5126258270192587,1.0,lightgbm,HOLD
2024-11-27,RELIANCE,1.0,0.10071156671720381,0.0,catboost,SELL
2024-11-27,SBIN,1.0,0.5347746409734052,2.0,catboost,HOLD
2024-11-27,SUNPHARMA,1.0,0.49936777167442653,3.0,lightgbm,HOLD
2024-11-27,TATAMOTORS,0.0,0.4879415920725926,0.0,catboost,HOLD
2024-11-27,TITAN,1.0,0.10047446191310883,1.0,xgboost,SELL
2024-11-27,ULTRACEMCO,1.0,0.8862316240353894,1.0,catboost,HOLD
2024-11-27,WIPRO,0.0,0.48892495373644146,3.0,catboost,HOLD
2024-11-28,ASIANPAINT,0.0,0.7435342622784528,0.0,catboost,HOLD
2024-11-28,AXISBANK,1.0,0.7573237096046737,1.0,lightgbm,HOLD
2024-11-28,BAJFINANCE,1.0,0.4923505065132624,0.0,catboost,HOLD
2024-11-28,BHARTIARTL,1.0,0.6132585147844267,3.0,catboost,BUY
2024-11-28,ICICIBANK,1.0,0.9703161120414734,3.0,xgboost,BUY
2024-11-28,INFY,1.0,0.5444354682089084,2.0,catboost,HOLD
2024-11-28,MARUTI,1.0,0.6215847864356129,0.0,lightgbm,HOLD
2024-11-28,RELIANCE,1.0,0.1266782149963439,0.0,catboost,SELL
2024-11-28,SBIN,1.0,0.47392810871683827,2.0,catboost,HOLD
2024-11-28,SUNPHARMA,1.0,0.4783463272098052,3.0,lightgbm,HOLD
2024-11-28,TATAMOTORS,1.0,0.4879415920725926,0.0,catboost,HOLD
2024-11-28,TITAN,1.0,0.18093256652355194,0.0,xgboost,SELL
2024-11-28,ULTRACEMCO,1.0,0.8779577162416691,1.0,catboost,HOLD
2024-11-28,WIPRO,1.0,0.5116722648401967,3.0,catboost,HOLD
2024-11-29,ASIANPAINT,0.0,0.5903035504183869,0.0,catboost,HOLD
2024-11-29,AXISBANK,1.0,0.7573237096046737,1.0,lightgbm,HOLD
2024-11-29,BAJFINANCE,1.0,0.4923505065132624,0.0,catboost,HOLD
2024-11-29,BHARTIARTL,0.0,0.6403251249982957,3.0,catboost,BUY
2024-11-29,ICICIBANK,1.0,0.9777078032493591,3.0,xgboost,BUY
2024-11-29,INFY,1.0,0.5165329522849057,2.0,catboost,HOLD
2024-11-29,MARUTI,1.0,0.5969662453073322,1.0,lightgbm,HOLD
2024-11-29,RELIANCE,1.0,0.27146830490128554,0.0,catboost,SELL
2024-11-29,SBIN,1.0,0.45968298454450995,2.0,catboost,HOLD
2024-11-29,SUNPHARMA,1.0,0.4573212927580994,3.0,lightgbm,HOLD
2024-11-29,TATAMOTORS,1.0,0.4879415920725926,0.0,catboost,HOLD
2024-11-29,TITAN,1.0,0.1691148430109024,0.0,xgboost,SELL
2024-11-29,ULTRACEMCO,1.0,0.7686657400248055,1.0,catboost,HOLD
2024-11-29,WIPRO,1.0,0.47191118837536183,3.0,catboost,HOLD
2024-12-02,ASIANPAINT,0.0,0.6071090227004294,0.0,catboost,HOLD
2024-12-02,AXISBANK,1.0,0.7342911881388721,1.0,lightgbm,HOLD
2024-12-02,BAJFINANCE,1.0,0.4923505065132624,0.0,catboost,HOLD
2024-12-02,BHARTIARTL,0.0,0.6214862754712873,3.0,catboost,BUY
2024-12-02,ICICIBANK,1.0,0.970282256603241,3.0,xgboost,BUY
2024-12-02,INFY,1.0,0.5444354682089084,2.0,catboost,HOLD
2024-12-02,MARUTI,0.0,0.5995647931335821,1.0,lightgbm,HOLD
2024-12-02,RELIANCE,0.0,0.4313734034122452,0.0,catboost,HOLD
2024-12-02,SBIN,1.0,0.41678739457635194,2.0,catboost,HOLD
2024-12-02,SUNPHARMA,0.0,0.40998215618624756,3.0,lightgbm,HOLD
2024-12-02,TATAMOTORS,1.0,0.4879415920725926,0.0,catboost,HOLD
2024-12-02,TITAN,1.0,0.22854572534561157,0.0,xgboost,SELL
2024-12-02,ULTRACEMCO,1.0,0.603388321230136,2.0,catboost,BUY
2024-12-02,WIPRO,1.0,0.41649632299503964,3.0,catboost,HOLD
2024-12-03,ASIANPAINT,0.0,0.5838482950633206,0.0,catboost,HOLD
2024-12-03,AXISBANK,0.0,0.676674374429912,1.0,lightgbm,HOLD
2024-12-03,BAJFINANCE,1.0,0.4923505065132624,2.0,catboost,HOLD
2024-12-03,BHARTIARTL,0.0,0.6366346072333875,3.0,catboost,BUY
2024-12-03,ICICIBANK,1.0,0.9753291606903076,3.0,xgboost,BUY
2024-12-03,INFY,1.0,0.5444354682089084,2.0,catboost,HOLD
2024-12-03,MARUTI,0.0,0.5733531188975679,1.0,lightgbm,HOLD
2024-12-03,RELIANCE,0.0,0.562745686311225,0.0,catboost,HOLD
2024-12-03,SBIN,1.0,0.5382758525802794,3.0,catboost,HOLD
2024-12-03,SUNPHARMA,0.0,0.46294437440589087,3.0,lightgbm,HOLD
2024-12-03,TATAMOTORS,0.0,0.4879415920725926,0.0,catboost,HOLD
2024-12-03,TITAN,1.0,0.11964735388755798,0.0,xgboost,SELL
2024-12-03,ULTRACEMCO,0.0,0.38690191031868565,2.0,catboost,HOLD
2024-12-03,WIPRO,1.0,0.41649632299503964,3.0,catboost,HOLD
2024-12-04,ASIANPAINT,0.0,0.5621094844952269,0.0,catboost,HOLD
2024-12-04,AXISBANK,0.0,0.6687341628403487,1.0,lightgbm,HOLD
2024-12-04,BAJFINANCE,1.0,0.4923505065132624,2.0,catboost,HOLD
2024-12-04,BHARTIARTL,0.0,0.5163504768871946,3.0,catboost,HOLD
2024-12-04,ICICIBANK,0.0,0.9881895780563354,3.0,xgboost,BUY
2024-12-04,INFY,1.0,0.5562075963346398,2.0,catboost,HOLD
2024-12-04,MARUTI,1.0,0.5995647931335821,1.0,lightgbm,HOLD
2024-12-04,RELIANCE,0.0,0.3380670130745109,0.0,catboost,HOLD
2024-12-04,SBIN,0.0,0.315761863571522,3.0,catboost,HOLD
2024-12-04,SUNPHARMA,0.0,0.5362309622953078,3.0,lightgbm,HOLD
2024-12-04,TATAMOTORS,1.0,0.4879415920725926,0.0,catboost,HOLD
2024-12-04,TITAN,1.0,0.08134645968675613,0.0,xgboost,SELL
2024-12-04,ULTRACEMCO,1.0,0.06437191573066524,2.0,catboost,SELL
2024-12-04,WIPRO,1.0,0.43315091917232784,3.0,catboost,HOLD
2024-12-05,ASIANPAINT,0.0,0.6612023598757196,0.0,catboost,HOLD
2024-12-05,AXISBANK,0.0,0.4440949644699696,1.0,lightgbm,HOLD
2024-12-05,BAJFINANCE,1.0,0.4310151069764513,2.0,catboost,HOLD
2024-12-05,BHARTIARTL,0.0,0.5309010821019732,2.0,catboost,HOLD
2024-12-05,ICICIBANK,0.0,0.9949303269386292,3.0,xgboost,BUY
2024-12-05,INFY,1.0,0.6150506217680226,3.0,catboost,BUY
2024-12-05,MARUTI,0.0,0.5995647931335821,1.0,lightgbm,HOLD
2024-12-05,RELIANCE,0.0,0.36709170242965145,0.0,catboost,HOLD
2024-12-05,SBIN,0.0,0.33385049705603975,3.0,catboost,HOLD
2024-12-05,SUNPHARMA,0.0,0.5548530619487888,2.0,lightgbm,HOLD
2024-12-05,TATAMOTORS,0.0,0.4879415920725926,0.0,catboost,HOLD
2024-12-05,TITAN,0.0,0.08395697176456451,0.0,xgboost,SELL
2024-12-05,ULTRACEMCO,0.0,0.07133294831326074,2.0,catboost,SELL
2024-12-05,WIPRO,1.0,0.48892495373644146,3.0,catboost,HOLD
2024-12-06,ASIANPAINT,0.0,0.6025333763428137,0.0,catboost,HOLD
2024-12-06,AXISBANK,0.0,0.3241385500079513,2.0,lightgbm,HOLD
2024-12-06,BAJFINANCE,1.0,0.4310151069764513,2.0,catboost,HOLD
2024-12-06,BHARTIARTL,1.0,0.5495030500957618,2.0,catboost,HOLD
2024-12-06,ICICIBANK,1.0,0.9961199760437012,3.0,xgboost,BUY
2024-12-06,INFY,1.0,0.5915811426668943,3.0,catboost,HOLD
2024-12-06,MARUTI,0.0,0.5733531188975679,1.0,lightgbm,HOLD
2024-12-06,RELIANCE,0.0,0.09062585809715504,0.0,catboost,SELL
2024-12-06,SBIN,0.0,0.30568528297431546,2.0,catboost,HOLD
2024-12-06,SUNPHARMA,0.0,0.4981387358637818,2.0,lightgbm,HOLD
2024-12-06,TATAMOTORS,0.0,0.4879415920725926,0.0,catboost,HOLD
2024-12-06,TITAN,1.0,0.09273561090230942,1.0,xgboost,SELL
2024-12-06,ULTRACEMCO,1.0,0.0748161904342072,1.0,catboost,SELL
2024-12-06,WIPRO,1.0,0.48892495373644146,3.0,catboost,HOLD
2024-12-09,ASIANPAINT,0.0,0.6417306276763706,0.0,catboost,HOLD
2024-12-09,AXISBANK,0.0,0.3241385500079513,1.0,lightgbm,HOLD
2024-12-09,BAJFINANCE,1.0,0.4310151069764513,2.0,catboost,HOLD
2024-12-09,BHARTIARTL,1.0,0.5443812053548909,2.0,catboost,HOLD
2024-12-09,ICICIBANK,1.0,0.9694464802742004,3.0,xgboost,BUY
2024-12-09,INFY,1.0,0.6031204907906423,3.0,catboost,BUY
2024-12-09,MARUTI,0.0,0.6953413551139744,0.0,lightgbm,HOLD
2024-12-09,RELIANCE,0.0,0.16136647696211728,0.0,catboost,SELL
2024-12-09,SBIN,0.0,0.2576523657993083,2.0,catboost,SELL
2024-12-09,SUNPHARMA,0.0,0.5607934370423728,2.0,lightgbm,HOLD
2024-12-09,TATAMOTORS,0.0,0.4879415920725926,0.0,catboost,HOLD
2024-12-09,TITAN,0.0,0.08518856018781662,0.0,xgboost,SELL
2024-12-09,ULTRACEMCO,1.0,0.3884427342053023,2.0,catboost,HOLD
2024-12-09,WIPRO,1.0,0.43315091917232784,3.0,catboost,HOLD
2024-12-10,ASIANPAINT,0.0,0.6396690038293555,0.0,catboost,HOLD
2024-12-10,AXISBANK,0.0,0.46982877557315816,1.0,lightgbm,HOLD
2024-12-10,BAJFINANCE,1.0,0.4478362440321279,2.0,catboost,HOLD
2024-12-10,BHARTIARTL,1.0,0.5467326285062266,2.0,catboost,HOLD
2024-12-10,ICICIBANK,0.0,0.9576629996299744,3.0,xgboost,BUY
2024-12-10,INFY,1.0,0.6012243458918731,3.0,catboost,BUY
2024-12-10,MARUTI,0.0,0.6953413551139744,0.0,lightgbm,HOLD
2024-12-10,RELIANCE,0.0,0.11193761624682362,0.0,catboost,SELL
2024-12-10,SBIN,0.0,0.4038780327382466,2.0,catboost,HOLD
2024-12-10,SUNPHARMA,0.0,0.5607934370423728,2.0,lightgbm,HOLD
2024-12-10,TATAMOTORS,0.0,0.4879415920725926,0.0,catboost,HOLD
2024-12-10,TITAN,0.0,0.09423304349184036,1.0,xgboost,SELL
2024-12-10,ULTRACEMCO,0.0,0.5209981372296301,1.0,catboost,HOLD
2024-12-10,WIPRO,0.0,0.446909189106044,3.0,catboost,HOLD
2024-12-11,ASIANPAINT,0.0,0.6250865673902936,0.0,catboost,HOLD
2024-12-11,AXISBANK,0.0,0.708807578389598,1.0,lightgbm,HOLD
2024-12-11,BAJFINANCE,0.0,0.4310151069764513,2.0,catboost,HOLD
2024-12-11,BHARTIARTL,1.0,0.505312619853005,2.0,catboost,HOLD
2024-12-11,ICICIBANK,0.0,0.9842805862426758,3.0,xgboost,BUY
2024-12-11,INFY,0.0,0.6130285249712326,3.0,catboost,BUY
2024-12-11,MARUTI,0.0,0.6953413551139744,0.0,lightgbm,HOLD
2024-12-11,RELIANCE,0.0,0.1378116658202499,0.0,catboost,SELL
2024-12-11,SBIN,0.0,0.4038780327382466,2.0,catboost,HOLD
2024-12-11,SUNPHARMA,0.0,0.5607934370423728,2.0,lightgbm,HOLD
2024-12-11,TATAMOTORS,0.0,0.4879415920725926,0.0,catboost,HOLD
2024-12-11,TITAN,0.0,0.0787629559636116,1.0,xgboost,SELL
2024-12-11,ULTRACEMCO,0.0,0.3784525386402207,1.0,catboost,HOLD
2024-12-11,WIPRO,1.0,0.37357307331870515,3.0,catboost,HOLD
2024-12-12,ASIANPAINT,0.0,0.7152883452102905,0.0,catboost,HOLD
2024-12-12,AXISBANK,0.0,0.7180951535995432,1.0,lightgbm,HOLD
2024-12-12,BAJFINANCE,0.0,0.4478362440321279,2.0,catboost,HOLD
2024-12-12,BHARTIARTL,0.0,0.5200579677674599,2.0,catboost,HOLD
2024-12-12,ICICIBANK,0.0,0.9650848507881165,3.0,xgboost,BUY
2024-12-12,INFY,0.0,0.6933267303892714,3.0,catboost,BUY
2024-12-12,MARUTI,0.0,0.7091300878676406,0.0,lightgbm,HOLD
2024-12-12,RELIANCE,0.0,0.11955471342883749,0.0,catboost,SELL
2024-12-12,SBIN,0.0,0.4201084250195093,3.0,catboost,HOLD
2024-12-12,SUNPHARMA,0.0,0.6242820318978582,2.0,lightgbm,BUY
2024-12-12,TATAMOTORS,0.0,0.4879415920725926,0.0,catboost,HOLD
2024-12-12,TITAN,0.0,0.10219518840312958,0.0,xgboost,SELL
2024-12-12,ULTRACEMCO,0.0,0.38371577405535884,2.0,catboost,HOLD
2024-12-12,WIPRO,1.0,0.39366198266728697,3.0,catboost,HOLD
2024-12-13,ASIANPAINT,0.0,0.649882102060392,0.0,catboost,HOLD
2024-12-13,AXISBANK,0.0,0.77392772318547,2.0,lightgbm,BUY
2024-12-13,BAJFINANCE,0.0,0.4310151069764513,2.0,catboost,HOLD
2024-12-13,BHARTIARTL,0.0,0.5126586755734464,2.0,catboost,HOLD
2024-12-13,ICICIBANK,0.0,0.8489944934844971,3.0,xgboost,BUY
2024-12-13,INFY,0.0,0.5111796648356723,3.0,catboost,HOLD
2024-12-13,MARUTI,0.0,0.7091300878676406,0.0,lightgbm,HOLD
2024-12-13,RELIANCE,0.0,0.18983347483896873,0.0,catboost,SELL
2024-12-13,SBIN,0.0,0.3714496508586447,3.0,catboost,HOLD
2024-12-13,SUNPHARMA,0.0,0.6886306435602114,2.0,lightgbm,BUY
2024-12-13,TATAMOTORS,0.0,0.4879415920725926,0.0,catboost,HOLD
2024-12-13,TITAN,0.0,0.1694948971271515,1.0,xgboost,SELL
2024-12-13,ULTRACEMCO,0.0,0.3443416492247988,2.0,catboost,HOLD
2024-12-13,WIPRO,0.0,0.39366198266728697,3.0,catboost,HOLD
2024-12-16,ASIANPAINT,0.0,0.6524868224542427,0.0,catboost,HOLD
2024-12-16,AXISBANK,0.0,0.6408680350272872,2.0,lightgbm,BUY
2024-12-16,BAJFINANCE,0.0,0.4478362440321279,2.0,catboost,HOLD
2024-12-16,BHARTIARTL,0.0,0.4737958020510794,2.0,catboost,HOLD
2024-12-16,ICICIBANK,0.0,0.8876261115074158,3.0,xgboost,BUY
2024-12-16,INFY,0.0,0.523849326328173,3.0,catboost,HOLD
2024-12-16,MARUTI,0.0,0.7091300878676406,0.0,lightgbm,HOLD
2024-12-16,RELIANCE,0.0,0.16899439336526395,0.0,catboost,SELL
2024-12-16,SBIN,0.0,0.3186667736542703,3.0,catboost,HOLD
2024-12-16,SUNPHARMA,0.0,0.6728488731530238,2.0,lightgbm,BUY
2024-12-16,TATAMOTORS,0.0,0.4879415920725926,0.0,catboost,HOLD
2024-12-16,TITAN,0.0,0.13878333568572998,1.0,xgboost,SELL
2024-12-16,ULTRACEMCO,0.0,0.2695257578166083,3.0,catboost,SELL
2024-12-16,WIPRO,0.0,0.39366198266728697,3.0,catboost,HOLD
2024-12-17,ASIANPAINT,0.0,0.6670064484515429,0.0,catboost,HOLD
2024-12-17,AXISBANK,0.0,0.7520982611470408,1.0,lightgbm,HOLD
2024-12-17,BAJFINANCE,0.0,0.455806422364272,2.0,catboost,HOLD
2024-12-17,BHARTIARTL,0.0,0.553212579382842,2.0,catboost,HOLD
2024-12-17,ICICIBANK,0.0,0.9467294216156006,3.0,xgboost,BUY
2024-12-17,INFY,0.0,0.6766314935414873,3.0,catboost,BUY
2024-12-17,MARUTI,0.0,0.6069679443200544,0.0,lightgbm,HOLD
2024-12-17,RELIANCE,0.0,0.32400939750283836,0.0,catboost,HOLD
2024-12-17,SBIN,0.0,0.3754546025173516,3.0,catboost,HOLD
2024-12-17,SUNPHARMA,1.0,0.6980244668647393,2.0,lightgbm,BUY
2024-12-17,TATAMOTORS,0.0,0.4879415920725926,0.0,catboost,HOLD
2024-12-17,TITAN,0.0,0.22351478040218353,1.0,xgboost,SELL
2024-12-17,ULTRACEMCO,0.0,0.47910085051754936,3.0,catboost,HOLD
2024-12-17,WIPRO,0.0,0.3804154831945395,3.0,catboost,HOLD
2024-12-18,ASIANPAINT,0.0,0.7107084820718965,0.0,catboost,HOLD
2024-12-18,AXISBANK,0.0,0.7520982611470408,1.0,lightgbm,HOLD
2024-12-18,BAJFINANCE,0.0,0.455806422364272,2.0,catboost,HOLD
2024-12-18,BHARTIARTL,0.0,0.5363559041474112,2.0,catboost,HOLD
2024-12-18,ICICIBANK,0.0,0.9063616394996643,3.0,xgboost,BUY
2024-12-18,INFY,0.0,0.5450684198133922,3.0,catboost,HOLD
2024-12-18,MARUTI,0.0,0.6448539822088892,0.0,lightgbm,HOLD
2024-12-18,RELIANCE,0.0,0.173356752979568,0.0,catboost,SELL
2024-12-18,SBIN,0.0,0.32344986622551813,3.0,catboost,HOLD
2024-12-18,SUNPHARMA,1.0,0.7007088920586697,2.0,lightgbm,BUY
2024-12-18,TATAMOTORS,0.0,0.4879415920725926,0.0,catboost,HOLD
2024-12-18,TITAN,0.0,0.2847912907600403,1.0,xgboost,SELL
2024-12-18,ULTRACEMCO,0.0,0.42677110998213186,3.0,catboost,HOLD
2024-12-18,WIPRO,0.0,0.3804154831945395,3.0,catboost,HOLD
2024-12-19,ASIANPAINT,0.0,0.6097509464697469,0.0,catboost,HOLD
2024-12-19,AXISBANK,0.0,0.7183866419882599,1.0,lightgbm,HOLD
2024-12-19,BAJFINANCE,0.0,0.4923505065132624,2.0,catboost,HOLD
2024-12-19,BHARTIARTL,0.0,0.6428200452488033,2.0,catboost,BUY
2024-12-19,ICICIBANK,1.0,0.7553918957710266,3.0,xgboost,BUY
2024-12-19,INFY,0.0,0.6665389825459132,3.0,catboost,BUY
2024-12-19,MARUTI,0.0,0.6511286639770101,0.0,lightgbm,HOLD
2024-12-19,RELIANCE,0.0,0.35418933683927734,0.0,catboost,HOLD
2024-12-19,SBIN,0.0,0.6263569824148959,3.0,catboost,BUY
2024-12-19,SUNPHARMA,1.0,0.5552724884832015,2.0,lightgbm,HOLD
2024-12-19,TATAMOTORS,0.0,0.4879415920725926,0.0,catboost,HOLD
2024-12-19,TITAN,0.0,0.3055626153945923,1.0,xgboost,HOLD
2024-12-19,ULTRACEMCO,0.0,0.5056813714768844,3.0,catboost,HOLD
2024-12-19,WIPRO,0.0,0.3724438249799128,3.0,catboost,HOLD
2024-12-20,ASIANPAINT,0.0,0.7096558123392512,0.0,catboost,HOLD
2024-12-20,AXISBANK,0.0,0.7325744435345386,0.0,lightgbm,HOLD
2024-12-20,BAJFINANCE,0.0,0.5378201838240358,2.0,catboost,HOLD
2024-12-20,BHARTIARTL,0.0,0.6847451377274578,2.0,catboost,BUY
2024-12-20,ICICIBANK,0.0,0.731821596622467,3.0,xgboost,BUY
2024-12-20,INFY,0.0,0.5299816121120396,3.0,catboost,HOLD
2024-12-20,MARUTI,0.0,0.6440845038565841,0.0,lightgbm,HOLD
2024-12-20,RELIANCE,0.0,0.2745357507867692,0.0,catboost,SELL
2024-12-20,SBIN,0.0,0.781307669787242,2.0,catboost,BUY
2024-12-20,SUNPHARMA,1.0,0.56720905359094,2.0,lightgbm,HOLD
2024-12-20,TATAMOTORS,1.0,0.4879415920725926,0.0,catboost,HOLD
2024-12-20,TITAN,0.0,0.3405072093009949,1.0,xgboost,HOLD
2024-12-20,ULTRACEMCO,0.0,0.805514185112596,3.0,catboost,BUY
2024-12-20,WIPRO,0.0,0.3426294242354227,3.0,catboost,HOLD
2024-12-23,ASIANPAINT,0.0,0.72119028762984,0.0,catboost,HOLD
2024-12-23,AXISBANK,0.0,0.7325744435345386,0.0,lightgbm,HOLD
2024-12-23,BAJFINANCE,0.0,0.4923505065132624,2.0,catboost,HOLD
2024-12-23,BHARTIARTL,0.0,0.7015768249593771,2.0,catboost,BUY
2024-12-23,ICICIBANK,0.0,0.7314686179161072,3.0,xgboost,BUY
2024-12-23,INFY,0.0,0.5403239131073497,3.0,catboost,HOLD
2024-12-23,MARUTI,0.0,0.6564149589087519,0.0,lightgbm,HOLD
2024-12-23,RELIANCE,0.0,0.3792160479440279,0.0,catboost,HOLD
2024-12-23,SBIN,0.0,0.6729285437710985,3.0,catboost,BUY
2024-12-23,SUNPHARMA,1.0,0.5205019047993596,2.0,lightgbm,HOLD
2024-12-23,TATAMOTORS,1.0,0.4879415920725926,0.0,catboost,HOLD
2024-12-23,TITAN,0.0,0.33230483531951904,1.0,xgboost,HOLD
2024-12-23,ULTRACEMCO,0.0,0.8291273352410584,3.0,catboost,BUY
2024-12-23,WIPRO,0.0,0.3426294242354227,3.0,catboost,HOLD
2024-12-24,ASIANPAINT,0.0,0.7669950789169133,0.0,catboost,HOLD
2024-12-24,AXISBANK,0.0,0.7325744435345386,0.0,lightgbm,HOLD
2024-12-24,BAJFINANCE,1.0,0.5378201838240358,2.0,catboost,HOLD
2024-12-24,BHARTIARTL,0.0,0.7083250383023444,2.0,catboost,BUY
2024-12-24,ICICIBANK,0.0,0.953001081943512,3.0,xgboost,BUY
2024-12-24,INFY,0.0,0.5092204064345561,3.0,catboost,HOLD
2024-12-24,MARUTI,1.0,0.6564149589087519,0.0,lightgbm,HOLD
2024-12-24,RELIANCE,0.0,0.48167125044770454,0.0,catboost,HOLD
2024-12-24,SBIN,0.0,0.7310131192266904,3.0,catboost,BUY
2024-12-24,SUNPHARMA,1.0,0.4866191564327686,2.0,lightgbm,HOLD
2024-12-24,TATAMOTORS,1.0,0.4879415920725926,0.0,catboost,HOLD
2024-12-24,TITAN,0.0,0.33973363041877747,0.0,xgboost,HOLD
2024-12-24,ULTRACEMCO,0.0,0.828448177167213,3.0,catboost,BUY
2024-12-24,WIPRO,0.0,0.3426294242354227,3.0,catboost,HOLD
2024-12-26,ASIANPAINT,1.0,0.7523945968359003,0.0,catboost,HOLD
2024-12-26,AXISBANK,0.0,0.748536479429106,0.0,lightgbm,HOLD
2024-12-26,BAJFINANCE,1.0,0.47967686999879944,2.0,catboost,HOLD
2024-12-26,BHARTIARTL,0.0,0.5167224239021025,2.0,catboost,HOLD
2024-12-26,ICICIBANK,0.0,0.9874547719955444,3.0,xgboost,BUY
2024-12-26,INFY,1.0,0.4014101765231595,3.0,catboost,HOLD
2024-12-26,MARUTI,1.0,0.6404132938212934,0.0,lightgbm,HOLD
2024-12-26,RELIANCE,1.0,0.43038800667472604,0.0,catboost,HOLD
2024-12-26,SBIN,0.0,0.8095052566953668,3.0,catboost,BUY
2024-12-26,SUNPHARMA,1.0,0.4738259854541867,2.0,lightgbm,HOLD
2024-12-26,TATAMOTORS,1.0,0.5147920575951703,0.0,catboost,HOLD
2024-12-26,TITAN,1.0,0.4793533682823181,0.0,xgboost,HOLD
2024-12-26,ULTRACEMCO,1.0,0.7936659730882353,3.0,catboost,BUY
2024-12-26,WIPRO,0.0,0.44167630097596816,3.0,catboost,HOLD
2024-12-27,ASIANPAINT,1.0,0.7746899855046033,0.0,catboost,HOLD
2024-12-27,AXISBANK,0.0,0.7138984381803378,0.0,lightgbm,HOLD
2024-12-27,BAJFINANCE,1.0,0.4798994680081133,2.0,catboost,HOLD
2024-12-27,BHARTIARTL,0.0,0.579902471269859,2.0,catboost,HOLD
2024-12-27,ICICIBANK,0.0,0.9814671874046326,3.0,xgboost,BUY
2024-12-27,INFY,1.0,0.44322394460818815,3.0,catboost,HOLD
2024-12-27,MARUTI,1.0,0.7225501033827736,0.0,lightgbm,HOLD
2024-12-27,RELIANCE,1.0,0.5823350199057639,0.0,catboost,HOLD
2024-12-27,SBIN,0.0,0.8092390321754483,2.0,catboost,BUY
2024-12-27,SUNPHARMA,0.0,0.42554773740265833,2.0,lightgbm,HOLD
2024-12-27,TATAMOTORS,1.0,0.4879415920725926,0.0,catboost,HOLD
2024-12-27,TITAN,1.0,0.5936245918273926,0.0,xgboost,HOLD
2024-12-27,ULTRACEMCO,1.0,0.5625629781296647,3.0,catboost,HOLD
2024-12-27,WIPRO,0.0,0.33737215213452365,3.0,catboost,HOLD
2024-12-30,ASIANPAINT,0.0,0.7264005615225134,0.0,catboost,HOLD
2024-12-30,AXISBANK,0.0,0.6623992413459128,0.0,lightgbm,HOLD
2024-12-30,BAJFINANCE,1.0,0.4798994680081133,2.0,catboost,HOLD
2024-12-30,BHARTIARTL,0.0,0.5601069067115584,2.0,catboost,HOLD
2024-12-30,ICICIBANK,0.0,0.9913915395736694,3.0,xgboost,BUY
2024-12-30,INFY,1.0,0.41579363739779907,3.0,catboost,HOLD
2024-12-30,MARUTI,1.0,0.6404132938212934,0.0,lightgbm,HOLD
2024-12-30,RELIANCE,0.0,0.6288470869172258,0.0,catboost,HOLD
2024-12-30,SBIN,0.0,0.8762493692687792,2.0,catboost,BUY
2024-12-30,SUNPHARMA,0.0,0.42554773740265833,2.0,lightgbm,HOLD
2024-12-30,TATAMOTORS,1.0,0.5147920575951703,0.0,catboost,HOLD
2024-12-30,TITAN,1.0,0.6365925669670105,0.0,xgboost,HOLD
2024-12-30,ULTRACEMCO,1.0,0.7454403208867071,2.0,catboost,BUY
2024-12-30,WIPRO,0.0,0.4547109514518313,3.0,catboost,HOLD
2024-12-31,ASIANPAINT,0.0,0.7156750883337267,0.0,catboost,HOLD
2024-12-31,AXISBANK,0.0,0.6623992413459128,0.0,lightgbm,HOLD
2024-12-31,BAJFINANCE,1.0,0.434501575239874,2.0,catboost,HOLD
2024-12-31,BHARTIARTL,0.0,0.7274295009463932,2.0,catboost,BUY
2024-12-31,ICICIBANK,0.0,0.9690120220184326,3.0,xgboost,BUY
2024-12-31,INFY,1.0,0.33703354904333654,3.0,catboost,HOLD
2024-12-31,MARUTI,1.0,0.6404132938212934,0.0,lightgbm,HOLD
2024-12-31,RELIANCE,1.0,0.7179218250508438,0.0,catboost,HOLD
2024-12-31,SBIN,0.0,0.6857323507591849,2.0,catboost,BUY
2024-12-31,SUNPHARMA,0.0,0.43847151916024385,2.0,lightgbm,HOLD
2024-12-31,TATAMOTORS,1.0,0.5147920575951703,0.0,catboost,HOLD
2024-12-31,TITAN,1.0,0.7352783679962158,0.0,xgboost,HOLD
2024-12-31,ULTRACEMCO,1.0,0.6301628833006119,3.0,catboost,BUY
2024-12-31,WIPRO,0.0,0.5146180491688996,3.0,catboost,HOLD
2025-01-01,ASIANPAINT,1.0,0.7133755371267426,0.0,catboost,HOLD
2025-01-01,AXISBANK,0.0,0.6462860290052532,0.0,lightgbm,HOLD
2025-01-01,BAJFINANCE,1.0,0.4629052657532137,2.0,catboost,HOLD
2025-01-01,BHARTIARTL,0.0,0.5723956467279416,2.0,catboost,HOLD
2025-01-01,ICICIBANK,0.0,0.9823545217514038,3.0,xgboost,BUY
2025-01-01,INFY,1.0,0.33480916196412486,3.0,catboost,HOLD
2025-01-01,MARUTI,1.0,0.7343360333944023,0.0,lightgbm,HOLD
2025-01-01,RELIANCE,1.0,0.18791901731491445,0.0,catboost,SELL
2025-01-01,SBIN,0.0,0.7137877528421362,2.0,catboost,BUY
2025-01-01,SUNPHARMA,0.0,0.43687603812534276,2.0,lightgbm,HOLD
2025-01-01,TATAMOTORS,1.0,0.4879415920725926,0.0,catboost,HOLD
2025-01-01,TITAN,1.0,0.7476407289505005,0.0,xgboost,HOLD
2025-01-01,ULTRACEMCO,0.0,0.7246521682674836,3.0,catboost,BUY
2025-01-01,WIPRO,0.0,0.5497189787770381,3.0,catboost,HOLD
2025-01-02,ASIANPAINT,0.0,0.7053493775173586,0.0,catboost,HOLD
2025-01-02,AXISBANK,0.0,0.7573237096046737,0.0,lightgbm,HOLD
2025-01-02,BAJFINANCE,0.0,0.4499449609342556,2.0,catboost,HOLD
2025-01-02,BHARTIARTL,0.0,0.5632067421527869,2.0,catboost,HOLD
2025-01-02,ICICIBANK,0.0,0.9893185496330261,3.0,xgboost,BUY
2025-01-02,INFY,0.0,0.55052928741918,3.0,catboost,HOLD
2025-01-02,MARUTI,0.0,0.6620276755943731,1.0,lightgbm,HOLD
2025-01-02,RELIANCE,1.0,0.24540191165929306,0.0,catboost,SELL
2025-01-02,SBIN,0.0,0.7106031491669782,2.0,catboost,BUY
2025-01-02,SUNPHARMA,0.0,0.511149851429593,2.0,lightgbm,HOLD
2025-01-02,TATAMOTORS,1.0,0.4879415920725926,0.0,catboost,HOLD
2025-01-02,TITAN,1.0,0.5863713622093201,0.0,xgboost,HOLD
2025-01-02,ULTRACEMCO,0.0,0.4585243268586421,3.0,catboost,HOLD
2025-01-02,WIPRO,0.0,0.34503750918975246,3.0,catboost,HOLD
2025-01-03,ASIANPAINT,0.0,0.6438123283768464,0.0,catboost,HOLD
2025-01-03,AXISBANK,0.0,0.7573237096046737,1.0,lightgbm,HOLD
2025-01-03,BAJFINANCE,0.0,0.4499449609342556,2.0,catboost,HOLD
2025-01-03,BHARTIARTL,1.0,0.5499656391656317,2.0,catboost,HOLD
2025-01-03,ICICIBANK,0.0,0.6159331798553467,3.0,xgboost,BUY
2025-01-03,INFY,1.0,0.5149302208844354,3.0,catboost,HOLD
2025-01-03,MARUTI,0.0,0.661630587448216,1.0,lightgbm,HOLD
2025-01-03,RELIANCE,0.0,0.29744837398418356,0.0,catboost,SELL
2025-01-03,SBIN,0.0,0.5867637356107196,2.0,catboost,HOLD
2025-01-03,SUNPHARMA,0.0,0.5903374701849619,2.0,lightgbm,HOLD
2025-01-03,TATAMOTORS,0.0,0.4879415920725926,0.0,catboost,HOLD
2025-01-03,TITAN,0.0,0.42092418670654297,0.0,xgboost,HOLD
2025-01-03,ULTRACEMCO,0.0,0.4176977286052625,3.0,catboost,HOLD
2025-01-03,WIPRO,1.0,0.5146180491688996,3.0,catboost,HOLD
2025-01-06,ASIANPAINT,0.0,0.650182124159473,0.0,catboost,HOLD
2025-01-06,AXISBANK,0.0,0.7342911881388721,1.0,lightgbm,HOLD
2025-01-06,BAJFINANCE,0.0,0.45460084700639897,2.0,catboost,HOLD
2025-01-06,BHARTIARTL,0.0,0.7180198574624634,2.0,catboost,BUY
2025-01-06,ICICIBANK,0.0,0.559677243232727,3.0,xgboost,HOLD
2025-01-06,INFY,1.0,0.5634134742269156,3.0,catboost,HOLD
2025-01-06,MARUTI,0.0,0.5886061366221195,1.0,lightgbm,HOLD
2025-01-06,RELIANCE,1.0,0.07423513292149171,0.0,catboost,SELL
2025-01-06,SBIN,0.0,0.8706163807782535,2.0,catboost,BUY
2025-01-06,SUNPHARMA,0.0,0.6715698340441615,2.0,lightgbm,BUY
2025-01-06,TATAMOTORS,0.0,0.4879415920725926,0.0,catboost,HOLD
2025-01-06,TITAN,0.0,0.2518943250179291,0.0,xgboost,SELL
2025-01-06,ULTRACEMCO,0.0,0.4443066735113382,3.0,catboost,HOLD
2025-01-06,WIPRO,0.0,0.526030885676359,3.0,catboost,HOLD
2025-01-07,ASIANPAINT,0.0,0.676393910293594,0.0,catboost,HOLD
2025-01-07,AXISBANK,0.0,0.7573237096046737,1.0,lightgbm,HOLD
2025-01-07,BAJFINANCE,0.0,0.45460084700639897,2.0,catboost,HOLD
2025-01-07,BHARTIARTL,0.0,0.5670611423141175,2.0,catboost,HOLD
2025-01-07,ICICIBANK,0.0,0.9221621751785278,3.0,xgboost,BUY
2025-01-07,INFY,0.0,0.5600831110718593,2.0,catboost,HOLD
2025-01-07,MARUTI,0.0,0.714675417888788,1.0,lightgbm,HOLD
2025-01-07,RELIANCE,0.0,0.13693390100482328,0.0,catboost,SELL
2025-01-07,SBIN,0.0,0.7014806525836017,2.0,catboost,BUY
2025-01-07,SUNPHARMA,0.0,0.7003724032010109,2.0,lightgbm,BUY
2025-01-07,TATAMOTORS,0.0,0.4879415920725926,0.0,catboost,HOLD
2025-01-07,TITAN,0.0,0.19882331788539886,0.0,xgboost,SELL
2025-01-07,ULTRACEMCO,0.0,0.5364985591515815,3.0,catboost,HOLD
2025-01-07,WIPRO,0.0,0.5146180491688996,3.0,catboost,HOLD
2025-01-08,ASIANPAINT,0.0,0.6175215235718677,0.0,catboost,HOLD
2025-01-08,AXISBANK,0.0,0.7417270007918654,1.0,lightgbm,HOLD
2025-01-08,BAJFINANCE,0.0,0.45460084700639897,2.0,catboost,HOLD
2025-01-08,BHARTIARTL,0.0,0.5877157117056169,2.0,catboost,HOLD
2025-01-08,ICICIBANK,0.0,0.5236146450042725,3.0,xgboost,HOLD
2025-01-08,INFY,0.0,0.5634134742269156,2.0,catboost,HOLD
2025-01-08,MARUTI,1.0,0.7143134931636206,1.0,lightgbm,HOLD
2025-01-08,RELIANCE,0.0,0.21887346739403202,0.0,catboost,SELL
2025-01-08,SBIN,0.0,0.8760964584438888,2.0,catboost,BUY
2025-01-08,SUNPHARMA,0.0,0.7729283834964674,3.0,lightgbm,BUY
2025-01-08,TATAMOTORS,0.0,0.4879415920725926,0.0,catboost,HOLD
2025-01-08,TITAN,0.0,0.17136210203170776,0.0,xgboost,SELL
2025-01-08,ULTRACEMCO,0.0,0.6701811922674324,3.0,catboost,BUY
2025-01-08,WIPRO,0.0,0.4947858961139908,3.0,catboost,HOLD
2025-01-09,ASIANPAINT,0.0,0.5119690001908483,0.0,catboost,HOLD
2025-01-09,AXISBANK,0.0,0.7177658529032332,1.0,lightgbm,HOLD
2025-01-09,BAJFINANCE,0.0,0.45460084700639897,2.0,catboost,HOLD
2025-01-09,BHARTIARTL,1.0,0.5641809318550663,2.0,catboost,HOLD
2025-01-09,ICICIBANK,0.0,0.5457721948623657,3.0,xgboost,HOLD
2025-01-09,INFY,0.0,0.5634134742269156,2.0,catboost,HOLD
2025-01-09,MARUTI,1.0,0.7191506102918265,1.0,lightgbm,HOLD
2025-01-09,RELIANCE,0.0,0.17039852179095338,0.0,catboost,SELL
2025-01-09,SBIN,0.0,0.35711454713709334,2.0,catboost,HOLD
2025-01-09,SUNPHARMA,0.0,0.7221917518987695,3.0,lightgbm,BUY
2025-01-09,TATAMOTORS,0.0,0.4879415920725926,0.0,catboost,HOLD
2025-01-09,TITAN,0.0,0.1645163893699646,0.0,xgboost,SELL
2025-01-09,ULTRACEMCO,0.0,0.6807223331669735,2.0,catboost,BUY
2025-01-09,WIPRO,0.0,0.5146568552937173,3.0,catboost,HOLD
2025-01-10,ASIANPAINT,0.0,0.64653944852435,0.0,catboost,HOLD
2025-01-10,AXISBANK,0.0,0.6848422570294556,1.0,lightgbm,HOLD
2025-01-10,BAJFINANCE,0.0,0.45460084700639897,2.0,catboost,HOLD
2025-01-10,BHARTIARTL,0.0,0.5520488338247403,2.0,catboost,HOLD
2025-01-10,ICICIBANK,0.0,0.701904833316803,3.0,xgboost,BUY
2025-01-10,INFY,0.0,0.581748650467535,3.0,catboost,HOLD
2025-01-10,MARUTI,1.0,0.7191506102918265,0.0,lightgbm,HOLD
2025-01-10,RELIANCE,1.0,0.1556540189112314,0.0,catboost,SELL
2025-01-10,SBIN,1.0,0.3224125679619235,2.0,catboost,HOLD
2025-01-10,SUNPHARMA,0.0,0.5374845980086826,2.0,lightgbm,HOLD
2025-01-10,TATAMOTORS,0.0,0.4879415920725926,0.0,catboost,HOLD
2025-01-10,TITAN,0.0,0.2143513262271881,0.0,xgboost,SELL
2025-01-10,ULTRACEMCO,0.0,0.7809343305544081,2.0,catboost,BUY
2025-01-10,WIPRO,0.0,0.5146568552937173,3.0,catboost,HOLD
2025-01-13,ASIANPAINT,1.0,0.6725634243650859,0.0,catboost,HOLD
2025-01-13,AXISBANK,0.0,0.6848422570294556,1.0,lightgbm,HOLD
2025-01-13,BAJFINANCE,1.0,0.45460084700639897,2.0,catboost,HOLD
2025-01-13,BHARTIARTL,1.0,0.5035687735398978,2.0,catboost,HOLD
2025-01-13,ICICIBANK,0.0,0.710771918296814,2.0,xgboost,BUY
2025-01-13,INFY,0.0,0.5701379838969242,3.0,catboost,HOLD
2025-01-13,MARUTI,1.0,0.7191506102918265,0.0,lightgbm,HOLD
2025-01-13,RELIANCE,1.0,0.1762921693573739,0.0,catboost,SELL
2025-01-13,SBIN,1.0,0.348340611316358,0.0,catboost,HOLD
2025-01-13,SUNPHARMA,1.0,0.5434424170161851,2.0,lightgbm,HOLD
2025-01-13,TATAMOTORS,1.0,0.5147920575951703,0.0,catboost,HOLD
2025-01-13,TITAN,0.0,0.583348274230957,0.0,xgboost,HOLD
2025-01-13,ULTRACEMCO,0.0,0.8108995607883,2.0,catboost,BUY
2025-01-13,WIPRO,1.0,0.5146568552937173,3.0,catboost,HOLD
2025-01-14,ASIANPAINT,0.0,0.6815954013972882,0.0,catboost,HOLD
2025-01-14,AXISBANK,0.0,0.6848422570294556,1.0,lightgbm,HOLD
2025-01-14,BAJFINANCE,0.0,0.45460084700639897,3.0,catboost,HOLD
2025-01-14,BHARTIARTL,1.0,0.5147487923622792,2.0,catboost,HOLD
2025-01-14,ICICIBANK,0.0,0.7184357643127441,3.0,xgboost,BUY
2025-01-14,INFY,0.0,0.5544605789435518,3.0,catboost,HOLD
2025-01-14,MARUTI,1.0,0.7065545646679352,0.0,lightgbm,HOLD
2025-01-14,RELIANCE,1.0,0.176085874999966,0.0,catboost,SELL
2025-01-14,SBIN,1.0,0.3895194667588659,1.0,catboost,HOLD
2025-01-14,SUNPHARMA,0.0,0.5374845980086826,2.0,lightgbm,HOLD
2025-01-14,TATAMOTORS,0.0,0.4879415920725926,0.0,catboost,HOLD
2025-01-14,TITAN,0.0,0.609976053237915,0.0,xgboost,HOLD
2025-01-14,ULTRACEMCO,1.0,0.8165344811399429,2.0,catboost,BUY
2025-01-14,WIPRO,1.0,0.4947858961139908,3.0,catboost,HOLD
2025-01-15,ASIANPAINT,1.0,0.6921334253249732,0.0,catboost,HOLD
2025-01-15,AXISBANK,0.0,0.6848422570294556,0.0,lightgbm,HOLD
2025-01-15,BAJFINANCE,1.0,0.45460084700639897,2.0,catboost,HOLD
2025-01-15,BHARTIARTL,1.0,0.5334283716298024,2.0,catboost,HOLD
2025-01-15,ICICIBANK,0.0,0.8732127547264099,3.0,xgboost,BUY
2025-01-15,INFY,0.0,0.6019331080278547,3.0,catboost,BUY
2025-01-15,MARUTI,0.0,0.6926857647034561,0.0,lightgbm,HOLD
2025-01-15,RELIANCE,1.0,0.09513687231714447,0.0,catboost,SELL
2025-01-15,SBIN,0.0,0.7259174361427485,1.0,catboost,HOLD
2025-01-15,SUNPHARMA,1.0,0.5374845980086826,2.0,lightgbm,HOLD
2025-01-15,TATAMOTORS,0.0,0.5147920575951703,0.0,catboost,HOLD
2025-01-15,TITAN,0.0,0.8607013821601868,0.0,xgboost,HOLD
2025-01-15,ULTRACEMCO,1.0,0.8036545119144495,2.0,catboost,BUY
2025-01-15,WIPRO,1.0,0.5146568552937173,3.0,catboost,HOLD
2025-01-16,ASIANPAINT,1.0,0.7124557526134264,0.0,catboost,HOLD
2025-01-16,AXISBANK,0.0,0.6848422570294556,0.0,lightgbm,HOLD
2025-01-16,BAJFINANCE,1.0,0.45460084700639897,2.0,catboost,HOLD
2025-01-16,BHARTIARTL,0.0,0.5158034075691024,2.0,catboost,HOLD
2025-01-16,ICICIBANK,0.0,0.985988438129425,3.0,xgboost,BUY
2025-01-16,INFY,0.0,0.5577724730846895,3.0,catboost,HOLD
2025-01-16,MARUTI,0.0,0.6966825578028825,0.0,lightgbm,HOLD
2025-01-16,RELIANCE,0.0,0.13388810202162557,0.0,catboost,SELL
2025-01-16,SBIN,0.0,0.7006841111624144,1.0,catboost,HOLD
2025-01-16,SUNPHARMA,1.0,0.684722732268817,2.0,lightgbm,BUY
2025-01-16,TATAMOTORS,0.0,0.4879415920725926,0.0,catboost,HOLD
2025-01-16,TITAN,1.0,0.8389886617660522,0.0,xgboost,HOLD
2025-01-16,ULTRACEMCO,1.0,0.839037229555534,2.0,catboost,BUY
2025-01-16,WIPRO,1.0,0.4947858961139908,3.0,catboost,HOLD
2025-01-17,ASIANPAINT,0.0,0.7218842789731574,0.0,catboost,HOLD
2025-01-17,AXISBANK,0.0,0.6462860290052532,0.0,lightgbm,HOLD
2025-01-17,BAJFINANCE,1.0,0.45460084700639897,1.0,catboost,HOLD
2025-01-17,BHARTIARTL,1.0,0.5158034075691024,2.0,catboost,HOLD
2025-01-17,ICICIBANK,0.0,0.9729933738708496,2.0,xgboost,BUY
2025-01-17,INFY,1.0,0.44374274202765784,2.0,catboost,HOLD
2025-01-17,MARUTI,0.0,0.6613213289438203,0.0,lightgbm,HOLD
2025-01-17,RELIANCE,0.0,0.3327263709684886,0.0,catboost,HOLD
2025-01-17,SBIN,0.0,0.6485886426343018,1.0,catboost,HOLD
2025-01-17,SUNPHARMA,1.0,0.6354592354422484,2.0,lightgbm,BUY
2025-01-17,TATAMOTORS,0.0,0.4879415920725926,0.0,catboost,HOLD
2025-01-17,TITAN,1.0,0.7440602779388428,0.0,xgboost,HOLD
2025-01-17,ULTRACEMCO,1.0,0.8497296941558418,2.0,catboost,BUY
2025-01-17,WIPRO,1.0,0.526030885676359,3.0,catboost,HOLD
2025-01-20,ASIANPAINT,0.0,0.7092458609305561,0.0,catboost,HOLD
2025-01-20,AXISBANK,0.0,0.6623992413459128,0.0,lightgbm,HOLD
2025-01-20,BAJFINANCE,0.0,0.45460084700639897,3.0,catboost,HOLD
2025-01-20,BHARTIARTL,0.0,0.6713821274958431,2.0,catboost,BUY
2025-01-20,ICICIBANK,0.0,0.9756755828857422,2.0,xgboost,BUY
2025-01-20,INFY,0.0,0.4218539201085139,2.0,catboost,HOLD
2025-01-20,MARUTI,0.0,0.6899574696682538,0.0,lightgbm,HOLD
2025-01-20,RELIANCE,0.0,0.23051899339137352,0.0,catboost,SELL
2025-01-20,SBIN,0.0,0.7192040709192777,1.0,catboost,HOLD
2025-01-20,SUNPHARMA,0.0,0.5671918823209192,1.0,lightgbm,HOLD
2025-01-20,TATAMOTORS,0.0,0.4879415920725926,0.0,catboost,HOLD
2025-01-20,TITAN,0.0,0.6767891645431519,0.0,xgboost,HOLD
2025-01-20,ULTRACEMCO,1.0,0.908587188603405,2.0,catboost,BUY
2025-01-20,WIPRO,1.0,0.5146568552937173,3.0,catboost,HOLD
2025-01-21,ASIANPAINT,0.0,0.6700748137613415,0.0,catboost,HOLD
2025-01-21,AXISBANK,1.0,0.6623992413459128,0.0,lightgbm,HOLD
2025-01-21,BAJFINANCE,1.0,0.45460084700639897,2.0,catboost,HOLD
2025-01-21,BHARTIARTL,0.0,0.6867797329427172,2.0,catboost,BUY
2025-01-21,ICICIBANK,1.0,0.9813928008079529,2.0,xgboost,BUY
2025-01-21,INFY,1.0,0.4218539201085139,2.0,catboost,HOLD
2025-01-21,MARUTI,1.0,0.7044070110422213,0.0,lightgbm,HOLD
2025-01-21,RELIANCE,0.0,0.2593703622472548,0.0,catboost,SELL
2025-01-21,SBIN,0.0,0.5698157832371367,0.0,catboost,HOLD
2025-01-21,SUNPHARMA,0.0,0.633609048234146,1.0,lightgbm,HOLD
2025-01-21,TATAMOTORS,0.0,0.4879415920725926,0.0,catboost,HOLD
2025-01-21,TITAN,0.0,0.6392639875411987,0.0,xgboost,HOLD
2025-01-21,ULTRACEMCO,1.0,0.8919365674367722,1.0,catboost,HOLD
2025-01-21,WIPRO,1.0,0.4585813227248283,3.0,catboost,HOLD
2025-01-22,ASIANPAINT,0.0,0.7033112235325841,0.0,catboost,HOLD
2025-01-22,AXISBANK,1.0,0.6623992413459128,0.0,lightgbm,HOLD
2025-01-22,BAJFINANCE,1.0,0.45460084700639897,2.0,catboost,HOLD
2025-01-22,BHARTIARTL,0.0,0.5766366928881691,1.0,catboost,HOLD
2025-01-22,ICICIBANK,1.0,0.9774414896965027,1.0,xgboost,HOLD
2025-01-22,INFY,1.0,0.3898318450054138,2.0,catboost,HOLD
2025-01-22,MARUTI,0.0,0.7008403600992344,0.0,lightgbm,HOLD
2025-01-22,RELIANCE,0.0,0.1633276025598513,0.0,catboost,SELL
2025-01-22,SBIN,0.0,0.5711534101643109,0.0,catboost,HOLD
2025-01-22,SUNPHARMA,0.0,0.5385916351630429,1.0,lightgbm,HOLD
2025-01-22,TATAMOTORS,1.0,0.5147920575951703,0.0,catboost,HOLD
2025-01-22,TITAN,0.0,0.8346071243286133,0.0,xgboost,HOLD
2025-01-22,ULTRACEMCO,1.0,0.929020977318458,1.0,catboost,HOLD
2025-01-22,WIPRO,1.0,0.4585813227248283,3.0,catboost,HOLD
2025-01-23,ASIANPAINT,0.0,0.6987947556481737,0.0,catboost,HOLD
2025-01-23,AXISBANK,1.0,0.6623992413459128,0.0,lightgbm,HOLD
2025-01-23,BAJFINANCE,1.0,0.45460084700639897,2.0,catboost,HOLD
2025-01-23,BHARTIARTL,0.0,0.5343828725751609,2.0,catboost,HOLD
2025-01-23,ICICIBANK,1.0,0.9790417551994324,1.0,xgboost,HOLD
2025-01-23,INFY,0.0,0.3898318450054138,2.0,catboost,HOLD
2025-01-23,MARUTI,0.0,0.6900684171308075,0.0,lightgbm,HOLD
2025-01-23,RELIANCE,0.0,0.14754778543738897,0.0,catboost,SELL
2025-01-23,SBIN,1.0,0.643746604627342,0.0,catboost,HOLD
2025-01-23,SUNPHARMA,0.0,0.5422543461109967,1.0,lightgbm,HOLD
2025-01-23,TATAMOTORS,0.0,0.4879415920725926,0.0,catboost,HOLD
2025-01-23,TITAN,0.0,0.8607087135314941,0.0,xgboost,HOLD
2025-01-23,ULTRACEMCO,0.0,0.15459198484421846,1.0,catboost,SELL
2025-01-23,WIPRO,0.0,0.42553445826364744,3.0,catboost,HOLD
2025-01-24,ASIANPAINT,1.0,0.6987947556481737,0.0,catboost,HOLD
2025-01-24,AXISBANK,1.0,0.6623992413459128,0.0,lightgbm,HOLD
2025-01-24,BAJFINANCE,1.0,0.45460084700639897,3.0,catboost,HOLD
2025-01-24,BHARTIARTL,0.0,0.5343898124080916,2.0,catboost,HOLD
2025-01-24,ICICIBANK,1.0,0.9974163770675659,1.0,xgboost,HOLD
2025-01-24,INFY,0.0,0.5021125853541151,2.0,catboost,HOLD
2025-01-24,MARUTI,1.0,0.598775901532757,0.0,lightgbm,HOLD
2025-01-24,RELIANCE,1.0,0.12566955537855679,0.0,catboost,SELL
2025-01-24,SBIN,1.0,0.6997633788202978,0.0,catboost,HOLD
2025-01-24,SUNPHARMA,0.0,0.46969032083795803,1.0,lightgbm,HOLD
2025-01-24,TATAMOTORS,0.0,0.4879415920725926,0.0,catboost,HOLD
2025-01-24,TITAN,1.0,0.8406301736831665,0.0,xgboost,HOLD
2025-01-24,ULTRACEMCO,1.0,0.161583889182389,1.0,catboost,SELL
2025-01-24,WIPRO,0.0,0.42553445826364744,3.0,catboost,HOLD
2025-01-27,ASIANPAINT,1.0,0.7018060649738569,0.0,catboost,HOLD
2025-01-27,AXISBANK,1.0,0.6623992413459128,0.0,lightgbm,HOLD
2025-01-27,BAJFINANCE,1.0,0.45603940270014803,2.0,catboost,HOLD
2025-01-27,BHARTIARTL,1.0,0.5403274126173235,1.0,catboost,HOLD
2025-01-27,ICICIBANK,1.0,0.9394395351409912,1.0,xgboost,HOLD
2025-01-27,INFY,1.0,0.4213669049333184,2.0,catboost,HOLD
2025-01-27,MARUTI,1.0,0.569604869106434,0.0,lightgbm,HOLD
2025-01-27,RELIANCE,1.0,0.08536352328274507,0.0,catboost,SELL
2025-01-27,SBIN,1.0,0.5918424219727276,0.0,catboost,HOLD
2025-01-27,SUNPHARMA,0.0,0.6080167158128672,1.0,lightgbm,HOLD
2025-01-27,TATAMOTORS,0.0,0.5147920575951703,0.0,catboost,HOLD
2025-01-27,TITAN,1.0,0.8637513518333435,0.0,xgboost,HOLD
2025-01-27,ULTRACEMCO,0.0,0.14807265980580325,1.0,catboost,SELL
2025-01-27,WIPRO,0.0,0.5317859119764476,3.0,catboost,HOLD
2025-01-28,ASIANPAINT,1.0,0.7299211772716541,0.0,catboost,HOLD
2025-01-28,AXISBANK,0.0,0.6462860290052532,0.0,lightgbm,HOLD
2025-01-28,BAJFINANCE,1.0,0.45603940270014803,2.0,catboost,HOLD
2025-01-28,BHARTIARTL,1.0,0.5740648858002942,2.0,catboost,HOLD
2025-01-28,ICICIBANK,0.0,0.9908756017684937,1.0,xgboost,HOLD
2025-01-28,INFY,1.0,0.42853092141187765,2.0,catboost,HOLD
2025-01-28,MARUTI,1.0,0.555997649738597,1.0,lightgbm,HOLD
2025-01-28,RELIANCE,0.0,0.08537015051148122,0.0,catboost,SELL
2025-01-28,SBIN,1.0,0.6591708884390298,0.0,catboost,HOLD
2025-01-28,SUNPHARMA,1.0,0.8460801143873511,1.0,lightgbm,HOLD
2025-01-28,TATAMOTORS,0.0,0.5147920575951703,0.0,catboost,HOLD
2025-01-28,TITAN,1.0,0.8345744013786316,0.0,xgboost,HOLD
2025-01-28,ULTRACEMCO,0.0,0.488249441845434,1.0,catboost,HOLD
2025-01-28,WIPRO,1.0,0.5233686755348012,3.0,catboost,HOLD
2025-01-29,ASIANPAINT,1.0,0.7425066063923947,0.0,catboost,HOLD
2025-01-29,AXISBANK,1.0,0.6848422570294556,0.0,lightgbm,HOLD
2025-01-29,BAJFINANCE,1.0,0.45603940270014803,3.0,catboost,HOLD
2025-01-29,BHARTIARTL,1.0,0.6534582673490679,2.0,catboost,BUY
2025-01-29,ICICIBANK,1.0,0.9889686107635498,1.0,xgboost,HOLD
2025-01-29,INFY,0.0,0.5357016209453109,2.0,catboost,HOLD
2025-01-29,MARUTI,1.0,0.5882085031518595,1.0,lightgbm,HOLD
2025-01-29,RELIANCE,1.0,0.11292341144455288,0.0,catboost,SELL
2025-01-29,SBIN,1.0,0.6505638727371418,0.0,catboost,HOLD
2025-01-29,SUNPHARMA,1.0,0.8463984719745871,1.0,lightgbm,HOLD
2025-01-29,TATAMOTORS,0.0,0.4879415920725926,0.0,catboost,HOLD
2025-01-29,TITAN,1.0,0.8493663668632507,0.0,xgboost,HOLD
2025-01-29,ULTRACEMCO,0.0,0.10263615857501611,1.0,catboost,SELL
2025-01-29,WIPRO,1.0,0.4658738076537956,3.0,catboost,HOLD
2025-01-30,ASIANPAINT,1.0,0.7322336046735082,0.0,catboost,HOLD
2025-01-30,AXISBANK,1.0,0.7061204749782081,0.0,lightgbm,HOLD
2025-01-30,BAJFINANCE,1.0,0.4410588019906257,3.0,catboost,HOLD
2025-01-30,BHARTIARTL,1.0,0.5598900123049212,2.0,catboost,HOLD
2025-01-30,ICICIBANK,0.0,0.9953600764274597,1.0,xgboost,HOLD
2025-01-30,INFY,1.0,0.5283829359208049,2.0,catboost,HOLD
2025-01-30,MARUTI,1.0,0.535048718165197,1.0,lightgbm,HOLD
2025-01-30,RELIANCE,1.0,0.21098296766901461,0.0,catboost,SELL
2025-01-30,SBIN,0.0,0.5035756169790442,0.0,catboost,HOLD
2025-01-30,SUNPHARMA,0.0,0.8534190343350622,1.0,lightgbm,HOLD
2025-01-30,TATAMOTORS,1.0,0.5147920575951703,0.0,catboost,HOLD
2025-01-30,TITAN,1.0,0.8484588861465454,0.0,xgboost,HOLD
2025-01-30,ULTRACEMCO,0.0,0.503414686212814,1.0,catboost,HOLD
2025-01-30,WIPRO,1.0,0.49794421083182755,3.0,catboost,HOLD
2025-01-31,ASIANPAINT,0.0,0.5784951612109975,0.0,catboost,HOLD
2025-01-31,AXISBANK,1.0,0.6912984343702633,0.0,lightgbm,HOLD
2025-01-31,BAJFINANCE,1.0,0.4410588019906257,3.0,catboost,HOLD
2025-01-31,BHARTIARTL,0.0,0.6118808710453171,2.0,catboost,BUY
2025-01-31,ICICIBANK,1.0,0.9911772012710571,1.0,xgboost,HOLD
2025-01-31,INFY,1.0,0.5953529714850169,2.0,catboost,HOLD
2025-01-31,MARUTI,1.0,0.4205039957312709,1.0,lightgbm,HOLD
2025-01-31,RELIANCE,1.0,0.4375268745101343,0.0,catboost,HOLD
2025-01-31,SBIN,0.0,0.4854093409605617,1.0,catboost,HOLD
2025-01-31,SUNPHARMA,0.0,0.8531127024752488,1.0,lightgbm,HOLD
2025-01-31,TATAMOTORS,0.0,0.5147920575951703,0.0,catboost,HOLD
2025-01-31,TITAN,0.0,0.6619165539741516,0.0,xgboost,HOLD
2025-01-31,ULTRACEMCO,0.0,0.6060096427783868,1.0,catboost,HOLD
2025-01-31,WIPRO,1.0,0.43509757921466563,3.0,catboost,HOLD
2025-02-01,ASIANPAINT,0.0,0.2685935355217906,0.0,catboost,SELL
2025-02-01,AXISBANK,1.0,0.5417144986229209,0.0,lightgbm,HOLD
2025-02-01,BAJFINANCE,1.0,0.4410588019906257,3.0,catboost,HOLD
2025-02-01,BHARTIARTL,1.0,0.4855845464978985,2.0,catboost,HOLD
2025-02-01,ICICIBANK,0.0,0.9907844066619873,1.0,xgboost,HOLD
2025-02-01,INFY,1.0,0.5561891659381148,2.0,catboost,HOLD
2025-02-01,MARUTI,1.0,0.32070184288058107,3.0,lightgbm,HOLD
2025-02-01,RELIANCE,0.0,0.40728368075642346,0.0,catboost,HOLD
2025-02-01,SBIN,0.0,0.6418688976083359,1.0,catboost,HOLD
2025-02-01,SUNPHARMA,0.0,0.8531127024752488,1.0,lightgbm,HOLD
2025-02-01,TATAMOTORS,0.0,0.5147920575951703,0.0,catboost,HOLD
2025-02-01,TITAN,0.0,0.2434878945350647,0.0,xgboost,SELL
2025-02-01,ULTRACEMCO,1.0,0.9031222881967894,1.0,catboost,HOLD
2025-02-01,WIPRO,1.0,0.4947858961139908,3.0,catboost,HOLD
2025-02-03,ASIANPAINT,0.0,0.45903895832408026,0.0,catboost,HOLD
2025-02-03,AXISBANK,1.0,0.5417144986229209,0.0,lightgbm,HOLD
2025-02-03,BAJFINANCE,0.0,0.4410588019906257,3.0,catboost,HOLD
2025-02-03,BHARTIARTL,1.0,0.5077684063393436,2.0,catboost,HOLD
2025-02-03,ICICIBANK,0.0,0.985508143901825,1.0,xgboost,HOLD
2025-02-03,INFY,0.0,0.5646033705613771,2.0,catboost,HOLD
2025-02-03,MARUTI,0.0,0.32070184288058107,3.0,lightgbm,HOLD
2025-02-03,RELIANCE,0.0,0.35220033996782085,0.0,catboost,HOLD
2025-02-03,SBIN,0.0,0.6381142532779219,1.0,catboost,HOLD
2025-02-03,SUNPHARMA,0.0,0.8531127024752488,1.0,lightgbm,HOLD
2025-02-03,TATAMOTORS,1.0,0.5147920575951703,0.0,catboost,HOLD
2025-02-03,TITAN,0.0,0.1967909336090088,1.0,xgboost,SELL
2025-02-03,ULTRACEMCO,1.0,0.8574438275199155,1.0,catboost,HOLD
2025-02-03,WIPRO,1.0,0.5077511667641134,3.0,catboost,HOLD
2025-02-04,ASIANPAINT,0.0,0.31917241748988645,0.0,catboost,HOLD
2025-02-04,AXISBANK,0.0,0.5158745113163943,0.0,lightgbm,HOLD
2025-02-04,BAJFINANCE,0.0,0.4410588019906257,3.0,catboost,HOLD
2025-02-04,BHARTIARTL,1.0,0.5213945156023796,2.0,catboost,HOLD
2025-02-04,ICICIBANK,0.0,0.9818916916847229,1.0,xgboost,HOLD
2025-02-04,INFY,0.0,0.6019331080278547,1.0,catboost,HOLD
2025-02-04,MARUTI,0.0,0.32070184288058107,2.0,lightgbm,HOLD
2025-02-04,RELIANCE,0.0,0.26927968132124597,0.0,catboost,SELL
2025-02-04,SBIN,0.0,0.6809144011781304,1.0,catboost,HOLD
2025-02-04,SUNPHARMA,0.0,0.7120752373392372,1.0,lightgbm,HOLD
2025-02-04,TATAMOTORS,0.0,0.5147920575951703,0.0,catboost,HOLD
2025-02-04,TITAN,0.0,0.2057994157075882,2.0,xgboost,SELL
2025-02-04,ULTRACEMCO,0.0,0.8561126559823861,1.0,catboost,HOLD
2025-02-04,WIPRO,0.0,0.4482147560500988,3.0,catboost,HOLD
2025-02-05,ASIANPAINT,0.0,0.5088879087596326,0.0,catboost,HOLD
2025-02-05,AXISBANK,0.0,0.5158745113163943,0.0,lightgbm,HOLD
2025-02-05,BAJFINANCE,0.0,0.4410588019906257,3.0,catboost,HOLD
2025-02-05,BHARTIARTL,1.0,0.5268761302010646,2.0,catboost,HOLD
2025-02-05,ICICIBANK,0.0,0.8923943042755127,1.0,xgboost,HOLD
2025-02-05,INFY,0.0,0.6031204907906423,1.0,catboost,HOLD
2025-02-05,MARUTI,0.0,0.31170177339247673,2.0,lightgbm,HOLD
2025-02-05,RELIANCE,0.0,0.194620939760911,0.0,catboost,SELL
2025-02-05,SBIN,0.0,0.7098694907443529,0.0,catboost,HOLD
2025-02-05,SUNPHARMA,0.0,0.7829726433880358,1.0,lightgbm,HOLD
2025-02-05,TATAMOTORS,0.0,0.5147920575951703,0.0,catboost,HOLD
2025-02-05,TITAN,0.0,0.719447910785675,1.0,xgboost,HOLD
2025-02-05,ULTRACEMCO,0.0,0.5956781120763806,1.0,catboost,HOLD
2025-02-05,WIPRO,0.0,0.3680742160598375,3.0,catboost,HOLD
2025-02-06,ASIANPAINT,0.0,0.44978302740452836,0.0,catboost,HOLD
2025-02-06,AXISBANK,0.0,0.47418349306271296,0.0,lightgbm,HOLD
2025-02-06,BAJFINANCE,0.0,0.4410588019906257,3.0,catboost,HOLD
2025-02-06,BHARTIARTL,1.0,0.4768635870275321,2.0,catboost,HOLD
2025-02-06,ICICIBANK,0.0,0.8372908234596252,1.0,xgboost,HOLD
2025-02-06,INFY,0.0,0.5976261317198414,2.0,catboost,HOLD
2025-02-06,MARUTI,0.0,0.3143294530037227,2.0,lightgbm,HOLD
2025-02-06,RELIANCE,0.0,0.2567319072376909,0.0,catboost,SELL
2025-02-06,SBIN,0.0,0.6760979846273859,0.0,catboost,HOLD
2025-02-06,SUNPHARMA,0.0,0.7291656559354704,1.0,lightgbm,HOLD
2025-02-06,TATAMOTORS,0.0,0.5147920575951703,0.0,catboost,HOLD
2025-02-06,TITAN,0.0,0.8340381979942322,1.0,xgboost,HOLD
2025-02-06,ULTRACEMCO,0.0,0.7574899261816999,1.0,catboost,HOLD
2025-02-06,WIPRO,0.0,0.3680742160598375,3.0,catboost,HOLD
2025-02-07,ASIANPAINT,0.0,0.5456722359755907,0.0,catboost,HOLD
2025-02-07,AXISBANK,0.0,0.47418349306271296,0.0,lightgbm,HOLD
2025-02-07,BAJFINANCE,0.0,0.4410588019906257,3.0,catboost,HOLD
2025-02-07,BHARTIARTL,1.0,0.48150125216223033,2.0,catboost,HOLD
2025-02-07,ICICIBANK,0.0,0.9160398244857788,1.0,xgboost,HOLD
2025-02-07,INFY,0.0,0.6031204907906423,1.0,catboost,HOLD
2025-02-07,MARUTI,0.0,0.3721556533812375,2.0,lightgbm,HOLD
2025-02-07,RELIANCE,0.0,0.24250117997626439,0.0,catboost,SELL
2025-02-07,SBIN,0.0,0.5355654063621244,0.0,catboost,HOLD
2025-02-07,SUNPHARMA,0.0,0.7834176956994049,1.0,lightgbm,HOLD
2025-02-07,TATAMOTORS,0.0,0.5147920575951703,0.0,catboost,HOLD
2025-02-07,TITAN,0.0,0.6342769265174866,1.0,xgboost,HOLD
2025-02-07,ULTRACEMCO,0.0,0.7955839863264683,1.0,catboost,HOLD
2025-02-07,WIPRO,0.0,0.3680742160598375,3.0,catboost,HOLD
2025-02-10,ASIANPAINT,0.0,0.5871059214631693,0.0,catboost,HOLD
2025-02-10,AXISBANK,0.0,0.47418349306271296,0.0,lightgbm,HOLD
2025-02-10,BAJFINANCE,1.0,0.4410588019906257,3.0,catboost,HOLD
2025-02-10,BHARTIARTL,0.0,0.47405820678968064,3.0,catboost,HOLD
2025-02-10,ICICIBANK,0.0,0.9545283317565918,2.0,xgboost,BUY
2025-02-10,INFY,0.0,0.5960821833111709,1.0,catboost,HOLD
2025-02-10,MARUTI,0.0,0.34653982897860297,2.0,lightgbm,HOLD
2025-02-10,RELIANCE,0.0,0.5248737294540495,0.0,catboost,HOLD
2025-02-10,SBIN,0.0,0.6827011308533308,0.0,catboost,HOLD
2025-02-10,SUNPHARMA,0.0,0.7994637014427441,1.0,lightgbm,HOLD
2025-02-10,TATAMOTORS,0.0,0.5147920575951703,0.0,catboost,HOLD
2025-02-10,TITAN,0.0,0.6608750820159912,1.0,xgboost,HOLD
2025-02-10,ULTRACEMCO,0.0,0.8378486865425936,1.0,catboost,HOLD
2025-02-10,WIPRO,0.0,0.32137792229838524,3.0,catboost,HOLD
2025-02-11,ASIANPAINT,0.0,0.5374210480784606,0.0,catboost,HOLD
2025-02-11,AXISBANK,0.0,0.5000923539145468,0.0,lightgbm,HOLD
2025-02-11,BAJFINANCE,1.0,0.4410588019906257,3.0,catboost,HOLD
2025-02-11,BHARTIARTL,0.0,0.5201982047380341,3.0,catboost,HOLD
2025-02-11,ICICIBANK,0.0,0.9501962661743164,2.0,xgboost,BUY
2025-02-11,INFY,0.0,0.5442425206188146,1.0,catboost,HOLD
2025-02-11,MARUTI,0.0,0.43438030154617574,3.0,lightgbm,HOLD
2025-02-11,RELIANCE,0.0,0.2635591344488051,0.0,catboost,SELL
2025-02-11,SBIN,0.0,0.5189581323911471,0.0,catboost,HOLD
2025-02-11,SUNPHARMA,0.0,0.743335530672286,1.0,lightgbm,HOLD
2025-02-11,TATAMOTORS,0.0,0.5147920575951703,0.0,catboost,HOLD
2025-02-11,TITAN,0.0,0.7663607597351074,1.0,xgboost,HOLD
2025-02-11,ULTRACEMCO,0.0,0.8931256265351436,1.0,catboost,HOLD
2025-02-11,WIPRO,0.0,0.3680742160598375,3.0,catboost,HOLD
2025-02-12,ASIANPAINT,0.0,0.6929868510567162,0.0,catboost,HOLD
2025-02-12,AXISBANK,0.0,0.48776852365571977,0.0,lightgbm,HOLD
2025-02-12,BAJFINANCE,1.0,0.4410588019906257,3.0,catboost,HOLD
2025-02-12,BHARTIARTL,0.0,0.4980907776431417,3.0,catboost,HOLD
2025-02-12,ICICIBANK,0.0,0.9250043034553528,2.0,xgboost,BUY
2025-02-12,INFY,0.0,0.5044512209538435,1.0,catboost,HOLD
2025-02-12,MARUTI,0.0,0.51537217686743,2.0,lightgbm,HOLD
2025-02-12,RELIANCE,0.0,0.43852997643097974,0.0,catboost,HOLD
2025-02-12,SBIN,0.0,0.47996091465816665,0.0,catboost,HOLD
2025-02-12,SUNPHARMA,0.0,0.7591212019059433,1.0,lightgbm,HOLD
2025-02-12,TATAMOTORS,0.0,0.5147920575951703,0.0,catboost,HOLD
2025-02-12,TITAN,0.0,0.7897732257843018,1.0,xgboost,HOLD
2025-02-12,ULTRACEMCO,0.0,0.7990940369723207,2.0,catboost,BUY
2025-02-12,WIPRO,1.0,0.4214258712919643,3.0,catboost,HOLD
2025-02-13,ASIANPAINT,0.0,0.6395073019131877,0.0,catboost,HOLD
2025-02-13,AXISBANK,0.0,0.48776852365571977,0.0,lightgbm,HOLD
2025-02-13,BAJFINANCE,0.0,0.4410588019906257,3.0,catboost,HOLD
2025-02-13,BHARTIARTL,0.0,0.6415014109415881,3.0,catboost,BUY
2025-02-13,ICICIBANK,0.0,0.8949548602104187,2.0,xgboost,BUY
2025-02-13,INFY,0.0,0.5434632282327784,1.0,catboost,HOLD
2025-02-13,MARUTI,0.0,0.51537217686743,2.0,lightgbm,HOLD
2025-02-13,RELIANCE,1.0,0.14698333203453298,0.0,catboost,SELL
2025-02-13,SBIN,0.0,0.6392423762438073,0.0,catboost,HOLD
2025-02-13,SUNPHARMA,0.0,0.7791229781635096,1.0,lightgbm,HOLD
2025-02-13,TATAMOTORS,0.0,0.5147920575951703,0.0,catboost,HOLD
2025-02-13,TITAN,0.0,0.6912935972213745,1.0,xgboost,HOLD
2025-02-13,ULTRACEMCO,0.0,0.8348358330876533,2.0,catboost,BUY
2025-02-13,WIPRO,1.0,0.4482147560500988,3.0,catboost,HOLD
2025-02-14,ASIANPAINT,1.0,0.703307171798386,0.0,catboost,HOLD
2025-02-14,AXISBANK,1.0,0.48776852365571977,0.0,lightgbm,HOLD
2025-02-14,BAJFINANCE,0.0,0.4410588019906257,3.0,catboost,HOLD
2025-02-14,BHARTIARTL,0.0,0.510577690779661,3.0,catboost,HOLD
2025-02-14,ICICIBANK,0.0,0.9346523880958557,2.0,xgboost,BUY
2025-02-14,INFY,0.0,0.5434632282327784,1.0,catboost,HOLD
2025-02-14,MARUTI,0.0,0.5408432980331027,1.0,lightgbm,HOLD
2025-02-14,RELIANCE,0.0,0.13066780319293328,0.0,catboost,SELL
2025-02-14,SBIN,0.0,0.7253729786737357,0.0,catboost,HOLD
2025-02-14,SUNPHARMA,0.0,0.7430635300692386,1.0,lightgbm,HOLD
2025-02-14,TATAMOTORS,0.0,0.5147920575951703,0.0,catboost,HOLD
2025-02-14,TITAN,0.0,0.6868951320648193,1.0,xgboost,HOLD
2025-02-14,ULTRACEMCO,0.0,0.8433045635032097,1.0,catboost,HOLD
2025-02-14,WIPRO,0.0,0.4024446593686676,3.0,catboost,HOLD
2025-02-17,ASIANPAINT,0.0,0.6602076798170153,0.0,catboost,HOLD
2025-02-17,AXISBANK,1.0,0.48776852365571977,0.0,lightgbm,HOLD
2025-02-17,BAJFINANCE,0.0,0.4410588019906257,3.0,catboost,HOLD
2025-02-17,BHARTIARTL,0.0,0.5552531505488005,2.0,catboost,HOLD
2025-02-17,ICICIBANK,0.0,0.957457959651947,2.0,xgboost,BUY
2025-02-17,INFY,0.0,0.5078048613940006,1.0,catboost,HOLD
2025-02-17,MARUTI,0.0,0.528964733050412,2.0,lightgbm,HOLD
2025-02-17,RELIANCE,0.0,0.11901427142914639,0.0,catboost,SELL
2025-02-17,SBIN,0.0,0.7477468264745627,0.0,catboost,HOLD
2025-02-17,SUNPHARMA,0.0,0.6750511524301234,1.0,lightgbm,HOLD
2025-02-17,TATAMOTORS,0.0,0.5147920575951703,0.0,catboost,HOLD
2025-02-17,TITAN,0.0,0.6838052272796631,1.0,xgboost,HOLD
2025-02-17,ULTRACEMCO,0.0,0.7678724923259759,2.0,catboost,BUY
2025-02-17,WIPRO,0.0,0.4024446593686676,3.0,catboost,HOLD
2025-02-18,ASIANPAINT,0.0,0.7141954866201469,0.0,catboost,HOLD
2025-02-18,AXISBANK,1.0,0.6694494138992925,0.0,lightgbm,HOLD
2025-02-18,BAJFINANCE,0.0,0.4410588019906257,3.0,catboost,HOLD
2025-02-18,BHARTIARTL,0.0,0.5115953568449108,2.0,catboost,HOLD
2025-02-18,ICICIBANK,0.0,0.9755678176879883,2.0,xgboost,BUY
2025-02-18,INFY,0.0,0.5181915175645572,1.0,catboost,HOLD
2025-02-18,MARUTI,0.0,0.4973075698122406,3.0,lightgbm,HOLD
2025-02-18,RELIANCE,0.0,0.376831025889606,0.0,catboost,HOLD
2025-02-18,SBIN,0.0,0.7538783419025216,0.0,catboost,HOLD
2025-02-18,SUNPHARMA,0.0,0.7461037887535455,1.0,lightgbm,HOLD
2025-02-18,TATAMOTORS,0.0,0.5147920575951703,0.0,catboost,HOLD
2025-02-18,TITAN,0.0,0.6058728098869324,1.0,xgboost,HOLD
2025-02-18,ULTRACEMCO,0.0,0.8286426836214317,1.0,catboost,HOLD
2025-02-18,WIPRO,0.0,0.4482147560500988,3.0,catboost,HOLD
2025-02-19,ASIANPAINT,0.0,0.5671309723421357,0.0,catboost,HOLD
2025-02-19,AXISBANK,0.0,0.48776852365571977,0.0,lightgbm,HOLD
2025-02-19,BAJFINANCE,1.0,0.4410588019906257,3.0,catboost,HOLD
2025-02-19,BHARTIARTL,0.0,0.6821380822788022,2.0,catboost,BUY
2025-02-19,ICICIBANK,0.0,0.7672802805900574,2.0,xgboost,BUY
2025-02-19,INFY,0.0,0.459018458532026,1.0,catboost,HOLD
2025-02-19,MARUTI,0.0,0.4912239061558691,3.0,lightgbm,HOLD
2025-02-19,RELIANCE,0.0,0.3817069062180924,0.0,catboost,HOLD
2025-02-19,SBIN,0.0,0.6824510448781224,0.0,catboost,HOLD
2025-02-19,SUNPHARMA,0.0,0.7760634589265715,1.0,lightgbm,HOLD
2025-02-19,TATAMOTORS,0.0,0.5147920575951703,0.0,catboost,HOLD
2025-02-19,TITAN,0.0,0.607537031173706,1.0,xgboost,HOLD
2025-02-19,ULTRACEMCO,0.0,0.8781970569107707,1.0,catboost,HOLD
2025-02-19,WIPRO,0.0,0.4217026079208584,3.0,catboost,HOLD
