Stock Name,NSE Code,Market Capitalization
Ashiana Housing Ltd.,ASHIANA,3019.27
AXISCADES Technologies Ltd.,AXISCADES,3029.72
The Orissa Minerals Development Company Ltd.,ORISSAMINE,3047.01
MSTC Ltd.,MSTCLTD,3053.25
Allcargo Logistics Ltd.,ALLCARGO,3054.49
Jayaswal Neco Industries Ltd.,JAYNECOIND,3063.5
Navneet Education Ltd.,NAVNETEDUL,3069.33
Yatharth Hospital & Trauma Care Services Ltd.,YATHARTH,3080.73
Arvind SmartSpaces Ltd.,ARVSMART,3085.86
Apeejay Surrendra Park Hotels Ltd.,PARKHOTELS,3112.7
Dishman Carbogen Amcis Ltd.,DCAL,3123.12
IRB InvIT Fund,IRBINVIT,3162.56
Samhi Hotels Ltd.,SAMHI,3162.6
Prince Pipes & Fittings Ltd.,PRINCEPIPE,3169.79
D P Abhushan Ltd.,DPABHUSHAN,3171.63
Swaraj Engines Ltd.,SWARAJENG,3176.87
Restaurant Brands Asia Ltd.,RBA,3180.93
JTL Industries Ltd.,JTLIND,3181.6
63 Moons Technologies Ltd.,63MOONS,3184.95
Medi Assist Healthcare Services Ltd.,MEDIASSIST,3185.37
Kalyani Steels Ltd.,KSL,3187.11
Artemis Medicare Services Ltd.,ARTEMISMED,3187.55
Cyient DLM Ltd.,CYIENTDLM,3194.85
Indostar Capital Finance Ltd.,INDOSTAR,3204.93
Aarti Drugs Ltd.,AARTIDRUGS,3206.77
Kitex Garments Ltd.,KITEX,3214.34
India Glycols Ltd.,INDIAGLYCO,3253.12
Shanthi Gears Ltd.,SHANTIGEAR,3253.9
Uflex Ltd.,UFLEX,3255.66
TeamLease Services Ltd.,TEAMLEASE,3268.26
DCB Bank Ltd.,DCBBANK,3274.87
Ashapura Minechem Ltd.,ASHAPURMIN,3282.75
Indraprastha Medical Corporation Ltd.,INDRAMEDCO,3285.1
Rossari Biotech Ltd.,ROSSARI,3294.15
Greenpanel Industries Ltd.,GREENPANEL,3298.06
Network People Services Technologies Ltd.,NPST,3303.36
Gufic BioSciences Ltd.,GUFICBIO,3314.67
Ganesha Ecosphere Ltd.,GANECOS,3326.54
Paisalo Digital Ltd.,PAISALO,3346.38
Indian Metals & Ferro Alloys Ltd.,IMFA,3352.17
Imagicaaworld Entertainment Ltd.,IMAGICAA,3353.22
Heritage Foods Ltd.,HERITGFOOD,3354.58
Pitti Engineering Ltd.,PITTIENG,3355.12
CARE Ratings Ltd.,CARERATING,3356.29
Kirloskar Industries Ltd.,KIRLOSIND,3361.16
Jash Engineering Ltd.,JASH,3363.68
Datamatics Global Services Ltd.,DATAMATICS,3382.66
EMS Ltd.,EMSLIMITED,3390.71
Greenply Industries Ltd.,GREENPLY,3404.05
Polyplex Corporation Ltd.,POLYPLEX,3404.99
Lumax Auto Technologies Ltd.,LUMAXTECH,3408.91
Paras Defence and Space Technologies Ltd.,PARAS,3411.34
Pokarna Ltd.,POKARNA,3423.62
Apollo Micro Systems Ltd.,APOLLO,3453.52
RPG Life Sciences Ltd.,RPGLIFE,3456.98
Gopal Snacks Ltd.,GOPAL,3467.12
Fedbank Financial Services Ltd.,FEDFINA,3486.57
Kingfa Science & Technology (India) Ltd.,KINGFA,3506.84
TARC Ltd.,TARC,3516.07
Hemisphere Properties India Ltd.,HEMIPROP,3532.29
Dhani Services Ltd.,DHANI,3541.89
EPACK Durables Ltd.,EPACK,3546.49
TCPL Packaging Ltd.,TCPLPACK,3556.92
Harsha Engineers International Ltd.,HARSHA,3598.52
E2E Networks Ltd.,E2E,3613.22
FIEM Industries Ltd.,FIEMIND,3613.56
DB Corp Ltd.,DBCORP,3614.34
Cigniti Technologies Ltd.,CIGNITITEC,3616.33
Enviro Infra Engineers Ltd.,EIEL,3630.84
KDDL Ltd.,KDDL,3632.6
Thyrocare Technologies Ltd.,THYROCARE,3643.57
Sun Pharma Advanced Research Company Ltd.,SPARC,3647.3
Patel Engineering Ltd.,PATELENG,3667.97
Borosil Ltd.,BOROLTD,3689.34
Sequent Scientific Ltd.,SEQUENT,3709.93
Jain Irrigation Systems Ltd.,JISLJALEQS,3710.48
Subros Ltd.,SUBROS,3723.33
Bhagiradha Chemicals & Industries Ltd.,BHAGCHEM,3751.98
Vaibhav Global Ltd.,VAIBHAVGBL,3755.08
R Systems International Ltd.,RSYSTEMS,3756.54
Sunflag Iron & Steel Company Ltd.,SUNFLAG,3792.54
LG Balakrishnan & Bros Ltd.,LGBBROSLTD,3830.6
National Fertilizers Ltd.,NFL,3830.93
Go Fashion (India) Ltd.,GOCOLORS,3831.94
Gujarat Alkalies & Chemicals Ltd.,GUJALKALI,3849.2
Optiemus Infracom Ltd.,OPTIEMUS,3849.6
Rolex Rings Ltd.,ROLEXRINGS,3852.56
Gokul Agro Resources Ltd.,GOKULAGRO,3863.42
Lux Industries Ltd.,LUXIND,3882.56
Jeena Sikho Lifecare Ltd.,JSLL,3900.3
Goldiam International Ltd.,GOLDIAM,3914.04
VRL Logistics Ltd.,VRLLOG,3947.45
Websol Energy Systems Ltd.,WEBELSOLAR,3955.15
MTAR Technologies Ltd.,MTARTECH,3961.53
Hindustan Construction Company Ltd.,HCC,3966.2
MPS Ltd.,MPSLTD,4045.35
Wonderla Holidays Ltd.,WONDERLA,4054.04
Bharat Rasayan Ltd.,BHARATRAS,4061.08
Rallis India Ltd.,RALLIS,4078.01
Bannari Amman Sugars Ltd.,BANARISUG,4078.29
Pilani Investment and Industries Corporation Ltd.,PILANIINVS,4081.27
NDR InvIT Trust,NDRINVIT,4085.36
Rain Industries Ltd.,RAIN,4088.95
Styrenix Performance Materials Ltd.,STYRENIX,4089.27
Share India Securities Ltd.,SHAREINDIA,4103.84
PTC India Ltd.,PTC,4109.19
AGI Greenpac Ltd.,AGI,4114.11
Skipper Ltd.,SKIPPER,4125.82
Easy Trip Planners Ltd.,EASEMYTRIP,4153.66
Innova Captab Ltd.,INNOVACAP,4153.96
Balaji Amines Ltd.,BALAMINES,4190.58
Sterlite Technologies Ltd.,STLTECH,4206.56
India Tourism Development Corporation Ltd.,ITDC,4223.29
Orient Electric Ltd.,ORIENTELEC,4229.13
Mas Financial Services Ltd.,MASFIN,4237.84
Unichem Laboratories Ltd.,UNICHEMLAB,4259.2
Zaggle Prepaid Ocean Services Ltd.,ZAGGLE,4263.63
VST Industries Ltd.,VSTIND,4286.44
Jana Small Finance Bank Ltd.,JSFB,4286.97
Sundaram-Clayton Ltd.,SUNCLAY,4291.07
Tilaknagar Industries Ltd.,TI,4292.87
VIP Industries Ltd.,VIPIND,4296.81
Hikal Ltd.,HIKAL,4324.16
Ahluwalia Contracts (India) Ltd.,AHLUCONT,4328.4
IFB Industries Ltd.,IFBIND,4337.74
Heidelberg Cement India Ltd.,HEIDELBERG,4360.49
Avalon Technologies Ltd.,AVALON,4395.48
SIS Ltd.,SIS,4396.13
Neogen Chemicals Ltd.,NEOGEN,4403.37
Johnson Controls-Hitachi Air Conditioning India Ltd.,JCHAC,4413.22
Inox Green Energy Services Ltd.,INOXGREEN,4423.65
Sharda Cropchem Ltd.,SHARDACROP,4470.88
Ceigall India Ltd.,CEIGALL,4491
Sharda Motor Industries Ltd.,SHARDAMOTR,4510.67
Banco Products (India) Ltd.,BANCOINDIA,4521.41
Mishra Dhatu Nigam Ltd.,MIDHANI,4555.17
Dynamatic Technologies Ltd.,DYNAMATECH,4601.82
Awfis Space Solutions Ltd,AWFIS,4635.3
Unimech Aerospace and Manufacturing Ltd.,UNIMECH,4648.57
Surya Roshni Ltd.,SURYAROSNI,4653.06
Rajesh Exports Ltd.,RAJESHEXPO,4701.13
Gujarat Ambuja Exports Ltd.,GAEL,4760.54
RattanIndia Power Ltd.,RTNPOWER,4784.76
Senco Gold Ltd.,SENCO,4805.89
Supriya Lifescience Ltd.,SUPRIYA,4808.04
TD Power Systems Ltd.,TDPOWERSYS,4823.73
Ashoka Buildcon Ltd.,ASHOKA,4832.65
Electronics Mart India Ltd.,EMIL,4848.99
Pricol Ltd.,PRICOLLTD,4849.06
Indigo Paints Ltd.,INDIGOPNTS,4858.02
Laxmi Organic Industries Ltd.,LXCHEM,4864.81
JK Paper Ltd.,JKPAPER,4869.47
Orchid Pharma Ltd.,ORCHPHARMA,4874.36
CSB Bank Ltd.,CSBBANK,4905.31
Mahindra Lifespace Developers Ltd.,MAHLIFE,4913.96
GMM Pfaudler Ltd.,GMMPFAUDLR,4977.21
Refex Industries Ltd.,REFEX,5057.49
Infibeam Avenues Ltd.,INFIBEAM,5070.66
Bharat Highways InvIT,INDUSINVIT,5071.2
Arvind Fashions Ltd.,ARVINDFASN,5075.12
J Kumar Infraprojects Ltd.,JKIL,5092.29
ICRA Ltd.,ICRA,5129.18
Shrem InvIT,SHREMINVIT,5143.68
Kaveri Seed Company Ltd.,KSCL,5148.8
Texmaco Rail & Engineering Ltd.,TEXRAIL,5174.3
LE Travenues Technology Ltd.,IXIGO,5222.8
Indo Count Industries Ltd.,ICIL,5235.57
Responsive Industries Ltd.,RESPONIND,5256.72
Bansal Wire Industries Ltd.,BANSALWIRE,5285.33
Greaves Cotton Ltd.,GREAVESCOT,5315.69
Sunteck Realty Ltd.,SUNTECK,5354.18
Sundaram Finance Holdings Ltd.,SUNDARMHLD,5396.01
Gulf Oil Lubricants India Ltd.,GULFOILLUB,5415.84
KRN Heat Exchanger and Refrigeration Ltd.,KRN,5428.45
V2 Retail Ltd.,V2RETAIL,5450.75
Entero Healthcare Solutions Ltd.,ENTERO,5501.31
GHCL Ltd.,GHCL,5534.63
Man Infraconstruction Ltd.,MANINFRA,5552.41
Suprajit Engineering Ltd.,SUPRAJIT,5556.84
Juniper Hotels Ltd.,JUNIPER,5602.61
The Anup Engineering Ltd.,ANUP,5603.72
Technocraft Industries (India) Ltd.,TIIL,5612.88
RattanIndia Enterprises Ltd.,RTNINDIA,5671.45
Manorama Industries Ltd.,MANORAMA,5679.49
Puravankara Ltd.,PURVA,5693.96
Power Mech Projects Ltd.,POWERMECH,5698.05
Strides Pharma Science Ltd.,STAR,5709.48
NIIT Learning Systems Ltd.,NIITMTS,5716.58
Privi Speciality Chemicals Ltd.,PRIVISCL,5724.83
Dhanuka Agritech Ltd.,DHANUKA,5731.48
Electrosteel Castings Ltd.,ELECTCAST,5734.28
Prism Johnson Ltd.,PRSMJOHNSN,5739.27
Greenlam Industries Ltd.,GREENLAM,5746.57
Shoppers Stop Ltd.,SHOPERSTOP,5758.29
Astra Microwave Products Ltd.,ASTRAMICRO,5764.11
Welspun Enterprises Ltd.,WELENT,5776.11
RateGain Travel Technologies Ltd.,RATEGAIN,5778.97
KRBL Ltd.,KRBL,5795.49
Gokaldas Exports Ltd.,GOKEX,5814.16
Shree Renuka Sugars Ltd.,RENUKA,5855.48
Thangamayil Jewellery Ltd.,THANGAMAYL,5872.49
Tanla Platforms Ltd.,TANLA,5873.36
Thomas Cook (India) Ltd.,THOMASCOOK,5875.05
HMT Ltd.,HMT,5898.84
MOIL Ltd.,MOIL,5906.16
V-Mart Retail Ltd.,VMART,5922.33
Mahindra Holidays & Resorts India Ltd.,MHRIL,5942.33
Sterling and Wilson Renewable Energy Ltd.,SWSOLAR,5964.61
Shilpa Medicare Ltd.,SHILPAMED,5966.22
Hindustan Foods Ltd.,HNDFDS,5997.32
PDS Ltd.,PDSL,6014.6
Gujarat Pipavav Port Ltd.,GPPL,6040.58
Dilip Buildcon Ltd.,DBL,6040.87
TVS Supply Chain Solutions Ltd.,TVSSCS,6075.25
Kesoram Industries Ltd.,KESORAMIND,6078.45
Nesco Ltd.,NESCO,6130.02
Pearl Global Industries Ltd.,PGIL,6164.73
Ethos Ltd.,ETHOSLTD,6166
Route Mobile Ltd.,ROUTE,6174.39
KNR Constructions Ltd.,KNRCON,6198.41
Archean Chemical Industries Ltd.,ACI,6211.5
Ujjivan Small Finance Bank Ltd.,UJJIVANSFB,6216.46
FDC Ltd.,FDC,6217.72
South Indian Bank Ltd.,SOUTHBANK,6226.79
Dodla Dairy Ltd.,DODLA,6244.23
EPL Ltd.,EPL,6252.26
HG Infra Engineering Ltd.,HGINFRA,6285.1
Ujaas Energy Ltd.,UEL,6297.67
Black Box Ltd.,BBOX,6313.25
Karnataka Bank Ltd.,KTKBANK,6336
Voltamp Transformers Ltd.,VOLTAMP,6351.52
Network18 Media & Investments Ltd.,NETWORK18,6371.54
Chemplast Sanmar Ltd.,CHEMPLASTS,6397.11
Lloyds Engineering Works Ltd.,LLOYDSENGG,6412.64
Varroc Engineering Ltd.,VARROC,6445.29
Rashtriya Chemicals & Fertilizers Ltd.,RCF,6455.85
Tamilnad Mercantile Bank Ltd.,TMB,6478.95
Equitas Small Finance Bank Ltd.,EQUITASBNK,6481.7
Keystone Realtors Ltd.,RUSTOMJEE,6529.95
Max Estates Ltd.,MAXESTATES,6531.54
PC Jeweller Ltd.,PCJEWELLER,6602.97
Raymond Lifestyle Ltd.,RAYMONDLSL,6620.26
PNC Infratech Ltd.,PNCINFRA,6643.08
Aarti Pharmalabs Ltd.,AARTIPHARM,6644.7
Valor Estate Ltd.,DBREALTY,6647.36
Borosil Renewables Ltd.,BORORENEW,6656.45
Gabriel India Ltd.,GABRIEL,6663.64
Gujarat State Fertilizer & Chemicals Ltd.,GSFC,6675.69
Chennai Petroleum Corporation Ltd.,CHENNPETRO,6724.84
IIFL Capital Services Ltd.,IIFLCAPS,6731.11
Orient Cement Ltd.,ORIENTCEM,6759.4
Sudarshan Chemical Industries Ltd.,SUDARSCHEM,6796.56
Shipping Corporation of India Ltd.,SCI,6797.87
Ajax Engineering Ltd.,AJAXENGG,6807.78
Cera Sanitaryware Ltd.,CERA,6824.39
ISGEC Heavy Engineering Ltd.,ISGEC,6838.61
Prudent Corporate Advisory Services Ltd.,PRUDENT,6851.36
Mastek Ltd.,MASTEK,6873.21
Gujarat Narmada Valley Fertilizers & Chemicals Ltd.,GNFC,6889.31
Transport Corporation of India Ltd.,TCI,6909.35
HEG Ltd.,HEG,6916.31
Sansera Engineering Ltd.,SANSERA,6926.57
Transrail Lighting Ltd.,TRANSRAILL,6942.38
Anupam Rasayan India Ltd.,ANURAS,6952.06
Bajaj Electricals Ltd.,BAJAJELEC,6959.18
Epigral Ltd.,EPIGRAL,6960.2
Esab India Ltd.,ESABINDIA,6964.33
Shaily Engineering Plastics Ltd.,SHAILY,6965.44
Healthcare Global Enterprises Ltd.,HCG,6992.33
Honasa Consumer Ltd.,HONASA,6997.68
eMudhra Ltd.,EMUDHRA,7033.2
GMR Power and Urban Infra Ltd.,GMRP&UI,7056.15
Paradeep Phosphates Ltd.,PARADEEP,7083.36
Just Dial Ltd.,JUSTDIAL,7145.51
ASK Automotive Ltd.,ASKAUTOLTD,7162.19
Akums Drugs & Pharmaceuticals Ltd.,AKUMS,7169.3
CarTrade Tech Ltd.,CARTRADE,7250.85
JK Tyre & Industries Ltd.,JKTYRE,7257.42
Symphony Ltd.,SYMPHONY,7293.59
P N Gadgil Jewellers Ltd.,PNGJL,7300.43
PowerGrid Infrastructure Investment Trust,PGINVIT,7307.29
Ion Exchange (India) Ltd.,IONEXCHANG,7331.86
Syrma SGS Technology Ltd.,SYRMA,7373.07
MMTC Ltd.,MMTC,7392
Gallantt Ispat Ltd.,GALLANTT,7397.67
Religare Enterprises Ltd.,RELIGARE,7431.77
KPI Green Energy Ltd.,KPIGREEN,7447.39
Zinka Logistics Solutions Ltd.,BLACKBUCK,7459.75
Garware Technical Fibres Ltd.,GARFIBRES,7473.72
Birla Corporation Ltd.,BIRLACORPN,7489.54
Aurionpro Solutions Ltd.,AURIONPRO,7518.7
CMS Info Systems Ltd.,CMSINFO,7525.45
Azad Engineering Ltd.,AZAD,7529.52
Tips Music Ltd.,TIPSMUSIC,7555.49
Alok Industries Ltd.,ALOKINDS,7626.61
Triveni Engineering & Industries Ltd.,TRIVENI,7636.26
Graphite India Ltd.,GRAPHITE,7647.98
Gujarat Mineral Development Corporation Ltd.,GMDCLTD,7676.52
Can Fin Homes Ltd.,CANFINHOME,7691.65
CCL Products India Ltd.,CCL,7747.29
Sheela Foam Ltd.,SFL,7747.4
Genus Power Infrastructures Ltd.,GENUSPOWER,7765.36
Galaxy Surfactants Ltd.,GALAXYSURF,7772.4
India Shelter Finance Corporation Ltd.,INDIASHLTR,7842.55
India Cements Ltd.,INDIACEM,7852.8
JK Lakshmi Cement Ltd.,JKLAKSHMI,7902.72
Latent View Analytics Ltd.,LATENTVIEW,7913.02
Happy Forgings Ltd.,HAPPYFORGE,7946.97
Campus Activewear Ltd.,CAMPUS,7960.21
Nazara Technologies Ltd.,NAZARA,7980.53
Redtape Ltd.,REDTAPE,8007.42
Data Patterns (India) Ltd.,DATAPATTNS,8049.1
RHI Magnesita India Ltd.,RHIM,8088.66
Vesuvius India Ltd.,VESUVIUS,8093.58
Va Tech Wabag Ltd.,WABAG,8106.52
Mrs. Bectors Food Specialities Ltd.,BECTORFOOD,8109.77
Time Technoplast Ltd.,TIMETECHNO,8111.58
Metropolis Healthcare Ltd.,METROPOLIS,8125.49
Alkyl Amines Chemicals Ltd.,ALKYLAMINE,8134.97
Shriram Pistons & Rings Ltd.,SHRIPISTON,8139.3
Star Cement Ltd.,STARCEMENT,8162.83
Maharashtra Seamless Ltd.,MAHSEAMLES,8211.48
Netweb Technologies India Ltd.,NETWEB,8236.91
Jindal Worldwide Ltd.,JINDWORLD,8291.52
Procter & Gamble Health Ltd.,PGHL,8356.22
Kirloskar Oil Engines Ltd.,KIRLOSENG,8362.77
Reliance Infrastructure Ltd.,RELINFRA,8396
Engineers India Ltd.,ENGINERSIN,8440.75
Edelweiss Financial Services Ltd.,EDELWEISS,8468.02
Medplus Health Services Ltd.,MEDPLUS,8553.32
Saregama India Ltd.,SAREGAMA,8555.92
TTK Prestige Ltd.,TTKPRESTIG,8556.47
Raymond Ltd.,RAYMOND,8610.31
Inox India Ltd.,INOXINDIA,8704.22
Allied Blenders & Distillers Ltd.,ABDL,8719.97
Garware Hi-Tech Films Ltd.,GRWRHITECH,8760.47
Olectra Greentech Ltd.,OLECTRA,8796.18
Tega Industries Ltd.,TEGA,8801.65
JM Financial Ltd.,JMFINANCIL,8821.48
PVR INOX Ltd.,PVRINOX,8876.18
Ami Organics Ltd.,AMIORG,8877.26
Arvind Ltd.,ARVIND,8879.56
Quess Corp Ltd.,QUESS,8886.48
Zee Entertainment Enterprises Ltd.,ZEEL,8941.48
Balrampur Chini Mills Ltd.,BALRAMCHIN,8969.51
Praj Industries Ltd.,PRAJIND,8978.35
Usha Martin Ltd.,USHAMART,9012.74
RailTel Corporation of India Ltd.,RAILTEL,9023.18
Ganesh Housing Corporation Ltd.,GANESHHOUC,9027.9
C.E. Info Systems Ltd.,MAPMYINDIA,9059.86
Home First Finance Company India Ltd.,HOMEFIRST,9150.16
Jaiprakash Power Ventures Ltd.,JPPOWER,9156.22
Sammaan Capital Ltd.,SAMMAANCAP,9156.35
ITD Cementation India Ltd.,ITDCEM,9216.4
Intellect Design Arena Ltd.,INTELLECT,9238.96
Marksans Pharma Ltd.,MARKSANS,9275.81
Elecon Engineering Company Ltd.,ELECON,9294.64
Choice International Ltd.,CHOICEIN,9296.96
Titagarh Rail Systems Ltd.,TITAGARH,9386.76
Vijaya Diagnostic Centre Ltd.,VIJAYA,9398.92
Jupiter Life Line Hospitals Ltd.,JLHL,9413.31
Avanti Feeds Ltd.,AVANTIFEED,9437.05
Zen Technologies Ltd.,ZENTEC,9438.06
National Highways Infra Trust,NHIT,9552.74
SBFC Finance Ltd.,SBFC,9586.11
RBL Bank Ltd.,RBLBANK,9624.91
Lemon Tree Hotels Ltd.,LEMONTREE,9642.43
Shakti Pumps (India) Ltd.,SHAKTIPUMP,9713.02
Inox Wind Energy Ltd.,IWEL,9714.46
G R Infraprojects Ltd.,GRINFRA,9725.79
Jubilant Ingrevia Ltd.,JUBLINGREA,9814.9
Rites Ltd.,RITES,9830.75
Zydus Wellness Ltd.,ZYDUSWELL,9934.88
Sapphire Foods India Ltd.,SAPPHIRE,9956.4
Ingersoll-Rand (India) Ltd.,INGERRAND,10017.79
R R Kabel Ltd.,RRKABEL,10065.92
Supreme Petrochem Ltd.,SPLPETRO,10089.36
Sonata Software Ltd.,SONATSOFTW,10123.34
BEML Ltd.,BEML,10222.06
Ceat Ltd.,CEATLTD,10243.99
Welspun Living Ltd.,WELSPUNLIV,10255.26
NMDC Steel Ltd.,NSLNISP,10374.34
Jammu & Kashmir Bank Ltd.,J&KBANK,10439.21
Safari Industries (India) Ltd.,SAFARI,10441.4
Happiest Minds Technologies Ltd.,HAPPSTMNDS,10450.62
Sanofi Consumer Healthcare India Ltd.,SANOFICONR,10484.45
Maharashtra Scooters Ltd.,MAHSCOOTER,10552.65
Godawari Power & Ispat Ltd.,GPIL,10586.72
Finolex Industries Ltd.,FINPIPE,10597.12
Relaxo Footwears Ltd.,RELAXO,10634.66
Westlife Foodworld Ltd.,WESTLIFE,10651.22
KSB Ltd.,KSB,10738.22
IFCI Ltd.,IFCI,10739.25
Craftsman Automation Ltd.,CRAFTSMAN,10739.43
Fine Organic Industries Ltd.,FINEORG,10740.66
Alivus Life Sciences Ltd.,ALIVUS,10842.56
City Union Bank Ltd.,CUB,10951.77
Vardhman Textiles Ltd.,VTL,10979.97
NCC Ltd.,NCC,10987.32
Nuvoco Vistas Corporation Ltd.,NUVOCO,11195.06
Granules India Ltd.,GRANULES,11198.36
Techno Electric & Engineering Company Ltd.,TECHNOE,11328.16
Aether Industries Ltd.,AETHER,11341.1
HFCL Ltd.,HFCL,11424.53
Minda Corporation Ltd.,MINDACORP,11482.98
Sanofi India Ltd.,SANOFI,11541.9
NAVA Ltd.,NAVA,11547.11
Bombay Burmah Trading Corporation Ltd.,BBTC,11569.23
Transformers & Rectifiers (India) Ltd.,TARIL,11572.89
Great Eastern Shipping Company Ltd.,GESHIP,11574.14
Tata Teleservices (Maharashtra) Ltd.,TTML,11635.73
ACME Solar Holdings Ltd.,ACMESOLAR,11684.25
IndiGrid Infrastructure Trust,INDIGRID,11710.52
Ramkrishna Forgings Ltd.,RKFORGE,11714.3
Birlasoft Ltd.,BSOFT,11765.58
Gravita India Ltd.,GRAVITA,11770.24
Whirlpool of India Ltd.,WHIRLPOOL,11774.34
LT Foods Ltd.,LTFOODS,11790.97
IndiaMART InterMESH Ltd.,INDIAMART,11796.01
EID Parry (India) Ltd.,EIDPARRY,11806.26
Jyothy Labs Ltd.,JYOTHYLAB,11839
Jai Balaji Industries Ltd.,JAIBALAJI,11953.23
HBL Engineering Ltd.,HBLENGINE,12005.31
Deepak Fertilisers & Petrochemicals Corporation Ltd.,DEEPAKFERT,12032.36
UTI Asset Management Company Ltd.,UTIAMC,12039.78
Sobha Ltd.,SOBHA,12114.03
JBM Auto Ltd.,JBMA,12214.93
Mahanagar Gas Ltd.,MGL,12223.75
Cello World Ltd.,CELLO,12234.82
Indegene Ltd.,INDGN,12299.62
Jupiter Wagons Ltd.,JWL,12316.81
Finolex Cables Ltd.,FINCABLES,12492.85
Action Construction Equipment Ltd.,ACE,12507.31
Tejas Networks Ltd.,TEJASNET,12512.56
Rainbow Childrens Medicare Ltd.,RAINBOW,12588.35
Kirloskar Brothers Ltd.,KIRLOSBROS,12675.65
Clean Science & Technology Ltd.,CLEAN,12680.23
Swan Energy Ltd.,SWANENERGY,12789.04
IIFL Finance Ltd.,IIFL,12816.16
Ventive Hospitality Ltd.,VENTIVE,13017.52
TBO Tek Ltd.,TBOTEK,13039.77
Blue Jet Healthcare Ltd,BLUEJET,13079.29
Trident Ltd.,TRIDENT,13142.47
Capri Global Capital Ltd.,CGCL,13175.94
Newgen Software Technologies Ltd.,NEWGEN,13259.66
Ircon International Ltd.,IRCON,13323.35
Niva Bupa Health Insurance Company Ltd.,NIVABUPA,13331.81
Aavas Financiers Ltd.,AAVAS,13341.11
Reliance Power Ltd.,RPOWER,13360.45
V-Guard Industries Ltd.,VGUARD,13474.18
eClerx Services Ltd.,ECLERX,13503.65
PCBL Chemical Ltd.,PCBL,13513.16
Elgi Equipments Ltd.,ELGIEQUIP,13566.87
Kajaria Ceramics Ltd.,KAJARIACER,13574.78
Equinox India Developments Ltd.,EMBDL,13585.53
Neuland Laboratories Ltd.,NEULANDLAB,13613.81
Aarti Industries Ltd.,AARTIIND,13630.75
Godrej Agrovet Ltd.,GODREJAGRO,13749.57
Natco Pharma Ltd.,NATCOPHARM,13804
Caplin Point Laboratories Ltd.,CAPLIPOINT,13853.13
Indian Energy Exchange Ltd.,IEX,13904.16
BLS International Services Ltd.,BLS,13960.08
Cyient Ltd.,CYIENT,14056.17
KIOCL Ltd.,KIOCL,14090.71
Akzo Nobel India Ltd.,AKZOINDIA,14164.17
OneSource Specialty Pharma Ltd.,ONESOURCE,14168.72
Blue Dart Express Ltd.,BLUEDART,14230.45
CIE Automotive India Ltd.,CIEINDIA,14265.92
Sai Life Science Ltd.,SAILIFE,14354.71
Jubilant Pharmova Ltd.,JUBLPHARMA,14378.3
Garden Reach Shipbuilders & Engineers Ltd.,GRSE,14387.73
LMW Ltd.,LMW,14594.1
DOMS Industries Ltd.,DOMS,14604.68
Alembic Pharmaceuticals Ltd.,APLLTD,14617.41
Schneider Electric Infrastructure Ltd.,SCHNEIDER,14634.36
CreditAccess Grameen Ltd.,CREDITACC,14665.77
Signatureglobal (India) Ltd.,SIGNATURE,14685.48
DCM Shriram Ltd.,DCMSHRIRAM,14939.27
Asahi India Glass Ltd.,ASAHIINDIA,14967.05
KFIN Technologies Ltd.,KFINTECH,14969.83
Kalpataru Projects International Ltd.,KPIL,15013.46
Afcons Infrastructure Ltd.,AFCONS,15193.18
PTC Industries Ltd.,PTCIL,15290.97
Gujarat State Petronet Ltd.,GSPL,15360.66
Aptus Value Housing Finance India Ltd.,APTUS,15371.78
Dr. Agarwals Health Care Ltd.,AGARWALEYE,15387.26
Triveni Turbine Ltd.,TRITURBINE,15448.82
Computer Age Management Services Ltd.,CAMS,15536.28
Atul Ltd.,ATUL,15631.68
Concord Biotech Ltd.,CONCORDBIO,15651.63
Bata India Ltd.,BATAINDIA,15694.49
Jindal Saw Ltd.,JINDALSAW,15760.68
Vinati Organics Ltd.,VINATIORGA,15806.41
Carborundum Universal Ltd.,CARBORUNIV,15836.1
Anant Raj Ltd.,ANANTRAJ,15838.09
Bikaji Foods International Ltd.,BIKAJI,15891.34
Grindwell Norton Ltd.,GRINDWELL,15919.88
Sarda Energy & Minerals Ltd.,SARDAEN,15982.25
Century Plyboards (India) Ltd.,CENTURYPLY,16028.67
Chalet Hotels Ltd.,CHALET,16101.26
Eris Lifesciences Ltd.,ERIS,16101.37
Karur Vysya Bank Ltd.,KARURVYSYA,16188.94
Aadhar Housing Finance Ltd.,AADHARHFC,16414.46
TVS Holdings Ltd.,TVSHLTD,16560.18
Anand Rathi Wealth Ltd.,ANANDRATHI,16608.48
AstraZeneca Pharma India Ltd.,ASTRAZEN,16746.62
Zensar Technologies Ltd.,ZENSARTECH,16769.37
Manappuram Finance Ltd.,MANAPPURAM,17009.95
Ratnamani Metals & Tubes Ltd.,RATNAMANI,17232.82
CESC Ltd.,CESC,17337.14
Redington Ltd.,REDINGTON,17536.76
International Gemmological Institute (India) Ltd.,IGIL,17586.74
Aditya Birla Sun Life AMC Ltd.,ABSLAMC,17756.2
Amara Raja Energy & Mobility Ltd.,ARE&M,17920.93
JSW Holdings Ltd.,JSWHL,18162.94
Jyoti CNC Automation Ltd.,JYOTICNC,18163.15
Brookfield India Real Estate Trust,BIRET,18182.13
SKF India Ltd.,SKFINDIA,18244.11
KEC International Ltd.,KEC,18273.3
Kansai Nerolac Paints Ltd.,KANSAINER,18324.21
Pfizer Ltd.,PFIZER,18531.25
Mangalore Refinery And Petrochemicals Ltd.,MRPL,18542.5
BASF India Ltd.,BASF,18553.72
Emcure Pharmaceuticals Ltd.,EMCURE,18596.52
Delhivery Ltd.,DELHIVERY,18598.88
Timken India Ltd.,TIMKEN,18610.61
Navin Fluorine International Ltd.,NAVINFLUOR,18655.38
Wockhardt Ltd.,WOCKPHARMA,18775.21
Jubilant Agri and Consumer Products Ltd.,JUBLCPL,18784.91
Amber Enterprises India Ltd.,AMBER,19038.06
Dr. Lal Pathlabs Ltd.,LALPATHLAB,19313.44
Welspun Corp Ltd.,WELCORP,19332.53
Nuvama Wealth Management Ltd.,NUVAMA,19398.22
Brainbees Solutions Ltd.,FIRSTCRY,19549.88
Hindustan Copper Ltd.,HINDCOPPER,19564.83
Inox Wind Ltd.,INOXWIND,19581.68
Angel One Ltd.,ANGELONE,19582.8
The Ramco Cements Ltd.,RAMCOCEM,19588.64
Sundram Fasteners Ltd.,SUNDRMFAST,19623.89
Piramal Enterprises Ltd.,PEL,19670.67
NBCC (India) Ltd.,NBCC,19672.2
Affle (India) Ltd.,AFFLE,19672.99
Tata Chemicals Ltd.,TATACHEM,19803.48
PNB Housing Finance Ltd.,PNBHOUSING,19839.43
Shyam Metalics and Energy Ltd.,SHYAMMETL,19856.05
Nexus Select Trust REIT,NXST,19891.95
Devyani International Ltd.,DEVYANI,19905.81
EIH Ltd.,EIHOTEL,19964.75
Sagility India Ltd.,SAGILITY,20064.17
Aster DM Healthcare Ltd.,ASTERDM,20127.88
Himadri Speciality Chemical Ltd.,HSCL,20154.53
Vedant Fashions Ltd.,MANYAVAR,20482.25
Poly Medicure Ltd.,POLYMED,20624.85
Crompton Greaves Consumer Electricals Ltd.,CROMPTON,20674.63
ZF Commercial Vehicle Control Systems India Ltd.,ZFCVINDIA,20754.16
Motherson Sumi Wiring India Ltd.,MSUMI,20779.21
Aditya Birla Real Estate Ltd.,ABREL,20810.03
Krishna Institute of Medical Sciences Ltd.,KIMS,20849.24
Castrol India Ltd.,CASTROLIND,21031.71
Bayer Cropscience Ltd.,BAYERCROP,21253.57
Chambal Fertilisers & Chemicals Ltd.,CHAMBLFERT,21382.81
Mindspace Business Parks REIT,MINDSPACE,21522.41
Hatsun Agro Products Ltd.,HATSUN,21661.21
Poonawalla Fincorp Ltd.,POONAWALLA,21885.43
Star Health and Allied Insurance Company Ltd.,STARHEALTH,22051.42
Sun TV Network Ltd.,SUNTV,22127.85
Five-Star Business Finance Ltd.,FIVESTAR,22419.22
PG Electroplast Ltd.,PGEL,22500.29
Bandhan Bank Ltd.,BANDHANBNK,22745.31
Sumitomo Chemical India Ltd.,SUMICHEM,22990.65
Emami Ltd.,EMAMILTD,23132.32
Brigade Enterprises Ltd.,BRIGADE,23143.5
Central Depository Services (India) Ltd.,CDSL,23155.11
Apar Industries Ltd.,APARINDS,23287.17
The New India Assurance Company Ltd.,NIACL,23419.73
ITI Ltd.,ITI,23642.62
Apollo Tyres Ltd.,APOLLOTYRE,23771.83
Firstsource Solutions Ltd.,FSL,24115.88
Endurance Technologies Ltd.,ENDURANCE,24837.53
Ola Electric Mobility Ltd.,OLAELEC,25066.75
Piramal Pharma Ltd.,PPLPHARMA,25174.63
Deepak Nitrite Ltd.,DEEPAKNTR,25250.44
Multi Commodity Exchange of India Ltd.,MCX,25456.62
Gujarat Gas Ltd.,GUJGASLTD,25494.53
Gland Pharma Ltd.,GLAND,25583.37
J B Chemicals & Pharmaceuticals Ltd.,JBCHEPHARM,25598.5
Gillette India Ltd.,GILLETTE,25694.41
ICICI Securities Ltd.,ISEC,26072.99
IRB Infrastructure Developers Ltd.,IRB,26124.71
Syngene International Ltd.,SYNGENE,26261.51
Kaynes Technology India Ltd.,KAYNES,26527.04
Indraprastha Gas Ltd.,IGL,26527.23
Aegis Logistics Ltd.,AEGISLOG,26683.02
Godfrey Phillips India Ltd.,GODFRYPHLP,26981.71
Tata Technologies Ltd.,TATATECH,27250.78
Punjab & Sind Bank,PSB,27273.81
LIC Housing Finance Ltd.,LICHSGFIN,27332.63
KPR Mill Ltd.,KPRMILL,27399.81
Radico Khaitan Ltd.,RADICO,27737.99
Go Digit General Insurance Ltd.,GODIGIT,28076.12
Laurus Labs Ltd.,LAURUSLABS,28429.39
NLC India Ltd.,NLCINDIA,28708.92
AIA Engineering Ltd.,AIAENG,29314.27
KEI Industries Ltd.,KEI,29336.08
Narayana Hrudayalaya Ltd.,NH,29519.92
Aditya Birla Fashion and Retail Ltd.,ABFRL,29548.35
Exide Industries Ltd.,EXIDEIND,29563
3M India Ltd.,3MINDIA,29624.17
Honeywell Automation India Ltd.,HONAUT,29797.31
Metro Brands Ltd.,METROBRAND,30409.33
Tata Investment Corporation Ltd.,TATAINVEST,30688.33
Sona BLW Precision Forgings Ltd.,SONACOMS,30706.65
Inventurus Knowledge Solutions Ltd.,IKS,30793.1
Cholamandalam Financial Holdings Ltd.,CHOLAHLDNG,30831.19
Global Health Ltd.,MEDANTA,30878.15
Suven Pharmaceuticals Ltd.,SUVENPHAR,30922.01
Ajanta Pharma Ltd.,AJANTPHARM,31052.52
Dalmia Bharat Ltd.,DALBHARAT,31688.98
Adani Wilmar Ltd.,AWL,31991.59
Crisil Ltd.,CRISIL,32092.37
Escorts Kubota Ltd.,ESCORTS,32097.18
Nippon Life India Asset Management Ltd.,NAM-INDIA,32563.66
National Aluminium Company Ltd.,NATIONALUM,32618.58
KPIT Technologies Ltd.,KPITTECH,32825.98
SJVN Ltd.,SJVN,33053.51
Housing and Urban Development Corporation Ltd.,HUDCO,33059.38
Cochin Shipyard Ltd.,COCHINSHIP,33373.11
Mahindra & Mahindra Financial Services Ltd.,M&MFIN,33433.44
L&T Finance Ltd.,LTF,33613.36
Tata Elxsi Ltd.,TATAELXSI,33702.28
JK Cement Ltd.,JKCEMENT,33915.76
ITC Hotels Ltd.,ITCHOTELS,34091.66
ACC Ltd.,ACC,34150.06
GE Vernova T&D India Ltd.,GVT&D,34266.7
Ipca Laboratories Ltd.,IPCALAB,34385.8
Max Financial Services Ltd.,MFSL,34445.91
Embassy Office Parks REIT,EMBASSY,34526.08
Motilal Oswal Financial Services Ltd.,MOTILALOFS,35269.62
Bank of Maharashtra,MAHABANK,35696.51
Bharat Dynamics Ltd.,BDL,35754.51
Astral Ltd.,ASTRAL,35923.18
Glenmark Pharmaceuticals Ltd.,GLENMARK,36090.46
Biocon Ltd.,BIOCON,36312.15
Godrej Industries Ltd.,GODREJIND,36961.91
Container Corporation of India Ltd.,CONCOR,38001.69
Central Bank of India,CENTRALBK,38178.77
Tata Communications Ltd.,TATACOMM,38546.25
Thermax Ltd.,THERMAX,38707.92
360 One Wam Ltd.,360ONE,39225.85
Premier Energies Ltd.,PREMIERENE,39366.13
Gujarat Fluorochemicals Ltd.,FLUOROCHEM,39379.58
Blue Star Ltd.,BLUESTARCO,39429.72
APL Apollo Tubes Ltd.,APLAPOLLO,39934.4
Aditya Birla Capital Ltd.,ABCAPITAL,40752.48
Jubilant Foodworks Ltd.,JUBLFOOD,41312.91
GlaxoSmithKline Pharmaceuticals Ltd.,GLAXO,41933.91
Indian Renewable Energy Development Agency Ltd.,IREDA,41934.5
Au Small Finance Bank Ltd.,AUBANK,42112.01
Supreme Industries Ltd.,SUPREMEIND,42287.26
Petronet LNG Ltd.,PETRONET,42495
MphasiS Ltd.,MPHASIS,42523.66
IDFC First Bank Ltd.,IDFCFIRSTB,42748.58
Bank of India,BANKINDIA,43323.19
Steel Authority of India (SAIL) Ltd.,SAIL,43378.78
UCO Bank,UCOBANK,43483.82
Federal Bank Ltd.,FEDERALBNK,43614.83
Voltas Ltd.,VOLTAS,43680.09
Procter & Gamble Hygiene & Healthcare Ltd.,PGHH,43957.96
MRF Ltd.,MRF,44690.04
The Fertilisers and Chemicals Travancore Ltd.,FACT,44757.97
Vishal Mega Mart Ltd.,VMM,45181.88
Page Industries Ltd.,PAGEIND,45191.09
FSN E-Commerce Ventures Ltd.,NYKAA,45403.32
One97 Communications Ltd.,PAYTM,45590.04
PI Industries Ltd.,PIIND,45727.08
Fortis Healthcare Ltd.,FORTIS,46256.28
UNO Minda Ltd.,UNOMINDA,47420.19
Tube Investments of India Ltd.,TIINDIA,47641.1
Kalyan Jewellers India Ltd.,KALYANKJIL,47678.1
Hitachi Energy India Ltd.,POWERINDIA,47824.99
Schaeffler India Ltd.,SCHAEFFLER,47848.47
L&T Technology Services Ltd.,LTTS,47996.43
Jindal Stainless Ltd.,JSL,48178.17
Prestige Estates Projects Ltd.,PRESTIGE,48526.06
Bharat Forge Ltd.,BHARATFORG,48597.71
UPL Ltd.,UPL,48994.39
Coromandel International Ltd.,COROMANDEL,49112.01
Hexaware Technologies Ltd.,HEXT,49129.08
Coforge Ltd.,COFORGE,49232.98
Sundaram Finance Ltd.,SUNDARMFIN,50416.17
Linde India Ltd.,LINDEINDIA,50548.37
Balkrishna Industries Ltd.,BALKRISIND,50565.01
United Breweries Ltd.,UBL,51457.2
YES Bank Ltd.,YESBANK,52517.51
Lloyds Metals & Energy Ltd.,LLOYDSME,53428.23
JSW Infrastructure Ltd.,JSWINFRA,53497.54
Indian Railway Catering & Tourism Corporation Ltd.,IRCTC,53676
Vodafone Idea Ltd.,IDEA,53901.74
Oberoi Realty Ltd.,OBEROIRLTY,53976.75
NMDC Ltd.,NMDC,54931.28
Phoenix Mills Ltd.,PHOENIXLTD,55346.49
Alkem Laboratories Ltd.,ALKEM,55552.29
Oil India Ltd.,OIL,55743.85
Berger Paints (India) Ltd.,BERGEPAINT,56950.62
Godrej Properties Ltd.,GODREJPROP,58318.16
Adani Total Gas Ltd.,ATGL,61275.92
Aurobindo Pharma Ltd.,AUROPHARMA,61466.23
Waaree Energies Ltd.,WAAREEENER,62011.52
Bharat Heavy Electricals Ltd.,BHEL,62388.13
Hindustan Petroleum Corporation Ltd.,HINDPETRO,62504.79
Ashok Leyland Ltd.,ASHOKLEY,62530.41
BSE Ltd.,BSE,62729.36
Torrent Power Ltd.,TORNTPOWER,63640.49
Patanjali Foods Ltd.,PATANJALI,63731.01
Abbott India Ltd.,ABBOTINDIA,64588.63
General Insurance Corporation of India,GICRE,64719.82
Bharti Hexacom Ltd.,BHARTIHEXA,65220
Colgate-Palmolive (India) Ltd.,COLPAL,67033.57
PB Fintech Ltd.,POLICYBZR,67216.9
Oracle Financial Services Software Ltd.,OFSS,67427.84
Suzlon Energy Ltd.,SUZLON,67847.52
Indian Bank,INDIANB,68802.92
Rail Vikas Nigam Ltd.,RVNL,69306.07
Polycab India Ltd.,POLYCAB,70890.57
NHPC Ltd.,NHPC,73228.3
GMR Airports Ltd.,GMRAIRPORT,73353.21
Canara Bank,CANBK,73381.57
NTPC Green Energy Ltd.,NTPCGREEN,73536.58
Hero MotoCorp Ltd.,HEROMOTOCO,73625.98
IDBI Bank Ltd.,IDBI,74449.63
Cummins India Ltd.,CUMMINSIND,75341.57
Swiggy Ltd.,SWIGGY,76388.88
IndusInd Bank Ltd.,INDUSINDBK,77134.09
HDFC Asset Management Company Ltd.,HDFCAMC,77560.72
Marico Ltd.,MARICO,77802.01
Adani Energy Solutions Ltd.,ADANIENSOL,78191.48
Bosch Ltd.,BOSCHLTD,78287.81
Solar Industries India Ltd.,SOLARINDS,78822.31
ICICI Prudential Life Insurance Company Ltd.,ICICIPRULI,79719.62
SBI Cards and Payment Services Ltd.,SBICARD,79799.57
JSW Energy Ltd.,JSWENERGY,81113.94
Indian Overseas Bank,IOB,82282.2
Persistent Systems Ltd.,PERSISTENT,82661.28
SRF Ltd.,SRF,82862.59
Samvardhana Motherson International Ltd.,MOTHERSON,83443.42
Dixon Technologies (India) Ltd.,DIXON,83725.47
ICICI Lombard General Insurance Company Ltd.,ICICIGI,83780.96
Indus Towers Ltd.,INDUSTOWER,85304.99
Union Bank of India,UNIONBANK,85572.72
Muthoot Finance Ltd.,MUTHOOTFIN,85624.22
Mazagon Dock Shipbuilders Ltd.,MAZDOCK,85962.29
Lupin Ltd.,LUPIN,86955.06
Apollo Hospitals Enterprise Ltd.,APOLLOHOSP,87027.13
Jindal Steel & Power Ltd.,JINDALSTEL,87334.84
Dabur India Ltd.,DABUR,87428.46
CG Power and Industrial Solutions Ltd.,CGPOWER,87543.06
Zydus Lifesciences Ltd.,ZYDUSLIFE,88206.47
Havells India Ltd.,HAVELLS,89138.57
Bajaj Housing Finance Ltd.,BAJAJHFL,90551.94
Info Edge (India) Ltd.,NAUKRI,90613.63
Dr. Reddy's Laboratories Ltd.,DRREDDY,93165.68
United Spirits Ltd.,UNITDSPR,93424.59
Mankind Pharma Ltd.,MANKIND,94505.23
REC Ltd.,RECLTD,94875.06
Max Healthcare Institute Ltd.,MAXHEALTH,95085.22
Tata Consumer Products Ltd.,TATACONSUM,95357.55
Shree Cements Ltd.,SHREECEM,98442.58
Torrent Pharmaceuticals Ltd.,TORNTPHARM,99777.09
Punjab National Bank,PNB,100436.83
Bank of Baroda,BANKBARODA,101912.03
Indian Hotels Company Ltd.,INDHOTEL,101931.98
GAIL (India) Ltd.,GAIL,102597.85
Godrej Consumer Products Ltd.,GODREJCP,102827.65
Bharat Petroleum Corporation Ltd.,BPCL,102952.74
ABB India Ltd.,ABB,104585.27
TVS Motor Company Ltd.,TVSMOTOR,105730.63
Tata Power Company Ltd.,TATAPOWER,108385.92
Britannia Industries Ltd.,BRITANNIA,110689.82
Macrotech Developers Ltd.,LODHA,112795.89
Cipla Ltd.,CIPLA,113671.8
Ambuja Cements Ltd.,AMBUJACEM,114522.93
Shriram Finance Ltd.,SHRIRAMFIN,116076.1
Cholamandalam Investment & Finance Company Ltd.,CHOLAFIN,117786.94
Power Finance Corporation Ltd.,PFC,120222.71
Adani Green Energy Ltd.,ADANIGREEN,122667.48
Bajaj Holdings & Investment Ltd.,BAJAJHLDNG,128814.99
Eicher Motors Ltd.,EICHERMOT,130866.1
HDFC Life Insurance Company Ltd.,HDFCLIFE,131003.56
Jio Financial Services Ltd.,JIOFIN,131900.53
Pidilite Industries Ltd.,PIDILITIND,135193.45
LTIMindtree Ltd.,LTIM,138245.33
Hyundai Motor India Ltd.,HYUNDAI,140561.48
Hindalco Industries Ltd.,HINDALCO,142552.81
SBI Life Insurance Company Ltd.,SBILIFE,143352.84
Divi's Laboratories Ltd.,DIVISLAB,145483.43
Tech Mahindra Ltd.,TECHM,145648.39
Indian Railway Finance Corporation Ltd.,IRFC,146916.14
Varun Beverages Ltd.,VBL,147461.66
Vedanta Ltd.,VEDL,154374.36
Grasim Industries Ltd.,GRASIM,154429.62
DLF Ltd.,DLF,157318.44
Indian Oil Corporation Ltd.,IOC,160261.93
Siemens Ltd.,SIEMENS,164652.31
Hindustan Zinc Ltd.,HINDZINC,165125.47
Tata Steel Ltd.,TATASTEEL,171274.05
Trent Ltd.,TRENT,172466.54
InterGlobe Aviation Ltd.,INDIGO,173013.35
Bharat Electronics Ltd.,BEL,180003.3
Adani Power Ltd.,ADANIPOWER,184728.09
Hindustan Aeronautics Ltd.,HAL,206531.1
Asian Paints Ltd.,ASIANPAINT,209081.14
Nestle India Ltd.,NESTLEIND,211116.68
Zomato Ltd.,ZOMATO,214334.29
Bajaj Auto Ltd.,BAJAJ-AUTO,220694.49
Avenue Supermarts Ltd.,DMART,221506.29
Coal India Ltd.,COALINDIA,227620.37
Tata Motors Ltd.,TATAMOTORS,228473.01
Adani Ports & Special Economic Zone Ltd.,ADANIPORTS,231005.25
JSW Steel Ltd.,JSWSTEEL,232489.31
Power Grid Corporation of India Ltd.,POWERGRID,233305.65
Adani Enterprises Ltd.,ADANIENT,241916.27
Titan Company Ltd.,TITAN,273194.01
Oil And Natural Gas Corporation Ltd.,ONGC,289068.62
Wipro Ltd.,WIPRO,290742.63
UltraTech Cement Ltd.,ULTRACEMCO,292411.49
Bajaj Finserv Ltd.,BAJAJFINSV,298943.04
NTPC Ltd.,NTPC,302002.67
Axis Bank Ltd.,AXISBANK,314454.27
Mahindra & Mahindra Ltd.,M&M,321464.63
Maruti Suzuki India Ltd.,MARUTI,375580.63
Kotak Mahindra Bank Ltd.,KOTAKBANK,378342.65
Sun Pharmaceutical Industries Ltd.,SUNPHARMA,382274.05
HCL Technologies Ltd.,HCLTECH,427415.82
Larsen & Toubro Ltd.,LT,444935.42
Life Insurance Corporation of India,LICI,468366.08
ITC Ltd.,ITC,494281.5
Hindustan Unilever Ltd.,HINDUNILVR,514619.23
Bajaj Finance Ltd.,BAJFINANCE,528022.41
State Bank of India,SBIN,614727.83
Infosys Ltd.,INFY,700856.88
ICICI Bank Ltd.,ICICIBANK,850510.26
Bharti Airtel Ltd.,BHARTIARTL,910743.82
Tata Consultancy Services Ltd.,TCS,1260270.33
HDFC Bank Ltd.,HDFCBANK,1325405.9
Reliance Industries Ltd.,RELIANCE,1624020.07
