Feature,Importance_3,Importance_1,Importance_2,Importance_0,Mean_Importance,Std_Importance,CV,Stability,Robust
nifty_corr_120d,0.016947393292000856,0.02602761928323603,0.015164732689624377,0.018393029756857415,0.01913319375542967,0.004782166628910254,0.24994084443215722,0.7500591555678428,True
nifty_corr_60d,0.011192029482718998,0.024003354431876563,0.017254671393366977,0.007898558500278905,0.01508715345206036,0.007095648010240195,0.4703105848134744,0.5296894151865257,False
trix,0.011826549078238142,0.013292515960632507,0.00793475717589844,0.02490900317576167,0.014490706347632689,0.007304217332037998,0.5040621972734304,0.4959378027265696,False
return_3d,0.008192200154940531,0.0059670693234550026,0.009429587189117314,0.027469548434796022,0.012764601275577218,0.009907422849567983,0.7761639050103096,0.22383609498969037,False
macd_line_lag1,0.004972822888297768,0.012744877508836372,0.008468731304262763,0.02448613394573551,0.012668141411783103,0.008495563712710815,0.6706243141354854,0.3293756858645146,False
adx_14,0.011697258142342295,0.008350727525618998,0.00932758040873765,0.021293086653376144,0.012667163182518773,0.005919788886864666,0.46733343171112574,0.5326665682888743,False
return_60d,0.009344122045370485,0.011462322230144052,0.009361286996997112,0.01857912935361598,0.012186715156531906,0.00437611259221383,0.3590887700332783,0.6409112299667217,False
macd_line_lag20,0.011681070404456423,0.01799941192976702,0.010661656383499307,0.0074327685694054344,0.011943726821782045,0.0044246566527448,0.37045862499379933,0.6295413750062007,False
bollinger_width,0.009617186440653963,0.014242803268970667,0.010469474108235463,0.013070768974456687,0.011850058198079194,0.0021684935237837708,0.18299433380300478,0.8170056661969952,True
nifty_corr_20d,0.014732115124300487,0.015916303524361967,0.009234500719864851,0.006981191840647268,0.011716027802293645,0.004294017043899348,0.3665079222847113,0.6334920777152887,False
corr_change,0.012231502675511778,0.01227291670329328,0.014238914908897518,0.007830422386395645,0.011643439168524554,0.002709098986421495,0.2326717152847562,0.7673282847152438,True
rs_nifty_120d,0.011895323614669846,0.010986179013430325,0.01215351583230316,0.010502335331056059,0.011384338447864847,0.0007722694095361049,0.06783612471547111,0.9321638752845289,True
cci_20,0.00908145094700253,0.010520207462383368,0.008488464853964874,0.016772297083915345,0.01121560508681653,0.00380141690903154,0.33893997209352067,0.6610600279064793,False
macd_histogram,0.008758626234522053,0.010718418535035273,0.015936913763637643,0.008995335261714555,0.01110232344872738,0.003339309427005653,0.3007757261216213,0.6992242738783787,False
var,0.006429141873432268,0.013450921825672344,0.010439450322606259,0.012716155349804891,0.01075891734287894,0.0031584111799025003,0.29356217265083434,0.7064378273491656,False
dist_to_sma200,0.010890650564723764,0.010959457013774663,0.011000750501452604,0.009766759711823763,0.010654404447943699,0.0005935031766150143,0.05570495976047394,0.944295040239526,True
macd_line,0.00720658260224052,0.006737868242634383,0.008820430792828628,0.01922949338949577,0.010498593756799825,0.005888554807548073,0.5608898570482485,0.43911014295175155,False
rsi_14_lag15,0.009512846354365062,0.009501611932248076,0.009983198095835937,0.012382174201535267,0.010344957645996085,0.00137656123012527,0.13306591132844933,0.8669340886715506,True
volume_oscillator,0.015754694520761968,0.007752871800119792,0.0095333532487447,0.008315492627920642,0.010339103049386775,0.0036860753717478374,0.35651790280924545,0.6434820971907546,False
dist_to_lower_band,0.00680592864402497,0.011298129926107696,0.006538231198799804,0.016666206042634378,0.010327123952891712,0.004756796507654869,0.4606119267370389,0.5393880732629611,False
return_120d,0.014859173750522536,0.014272433066233008,0.009267935684994424,0.002535979638806398,0.010233880535139092,0.005712383377014009,0.5581835064012715,0.44181649359872854,False
macd_line_lag10,0.00861669135396978,0.012185009302683975,0.012889621996007518,0.006585823706404179,0.010069286589766364,0.0029818965430563277,0.2961378134249464,0.7038621865750536,False
volume_roc_10d,0.007617034699355003,0.009025767776465222,0.007688613170168338,0.01594493937717105,0.010069088755789903,0.003970448014187795,0.3943204862974983,0.6056795137025017,False
macd_signal,0.008238860486104553,0.011068408764642244,0.008241306259526359,0.012648575602781436,0.010049287778263648,0.002186423939667527,0.2175700374149601,0.7824299625850399,True
natr,0.010739871140182187,0.007670556850314484,0.015762817923239743,0.005527500321531368,0.009925186558816945,0.00444089519046479,0.44743694432383935,0.5525630556761607,False
atr_ratio,0.009782970032037607,0.009660002506079235,0.01410583782269221,0.005569350426118608,0.009779540196731915,0.0034860125299174044,0.35645975415453274,0.6435402458454673,False
ultosc,0.009476117997554621,0.009742225699076547,0.00626341700957044,0.01294342073232686,0.009606295359632117,0.0027292651403612316,0.2841121379027157,0.7158878620972843,False
rs_nifty_20d,0.006986941730623058,0.008692402651504458,0.013344420378357815,0.009230962240979504,0.009563681750366208,0.002695885954720245,0.281887875077841,0.7181121249221589,False
high_low_range,0.00537634496983036,0.008102401384877183,0.009074077328160757,0.014708888906485687,0.009315428147338496,0.003921542187462874,0.4209728295189537,0.5790271704810463,False
di_plus_14,0.007498360148693043,0.01099234156805703,0.01041112459707456,0.008002713291861132,0.009226134901421441,0.0017325946437811012,0.1877920324723371,0.8122079675276629,True
close_open_range,0.004885065637239971,0.00406538728223517,0.007324681646177323,0.0203860787972922,0.009165303340736166,0.00760752409725875,0.8300351588411464,0.16996484115885357,False
macd_line_lag2,0.006993077306690004,0.008046881477811848,0.007847769989342628,0.013691658549499035,0.009144846830835877,0.0030654822969746467,0.3352141725454172,0.6647858274545828,False
macd_line_lag3,0.007747577891767766,0.011913774949112367,0.007158429379177267,0.009475849466966614,0.009073907921756004,0.002133433159202972,0.23511734459813327,0.7648826554018667,True
di_minus_14,0.009555149499750542,0.010547060976512384,0.009867065421521205,0.00589608268991118,0.008966339646923827,0.0020883136472371385,0.23290592439948501,0.767094075600515,True
stddev,0.0060258943911792925,0.012469362932622394,0.007838459735986224,0.009415918752348531,0.00893740895303411,0.0027318050789122477,0.30565962268280006,0.6943403773171999,False
roc,0.0064404763766312875,0.00793761109140665,0.014696219658015956,0.006635488492335069,0.00892744890459724,0.0039028455340582554,0.4371736575642676,0.5628263424357324,False
zscore_20d,0.006926832562379084,0.008485615162921716,0.007336675617923049,0.01278873609957875,0.00888446486070065,0.0026851685697325666,0.30223188246113675,0.6977681175388633,False
volume_lag10,0.006843660687626176,0.004723291846901612,0.007098856668359683,0.01685957541595152,0.008881346154709749,0.005424358290874241,0.610758564671175,0.38924143532882505,False
volume_lag15,0.00724753474302562,0.006288974817566018,0.007058221061733931,0.014735452660625582,0.008832545820737787,0.003957042290880682,0.4480069876104475,0.5519930123895525,False
macd_line_lag15,0.010107154603663095,0.0124240655957626,0.00873788201705352,0.003993453905908004,0.008815639030596805,0.0035566027930030875,0.40344242094246335,0.5965575790575366,False
day_of_month,0.012437041686457295,0.006739529193230067,0.01260085271570159,0.0034143844984428017,0.008797952023457938,0.00450647427208222,0.5122185491401606,0.48778145085983937,False
dist_to_upper_band,0.00832038695469909,0.008955730928926826,0.010925861613544273,0.005973911411480677,0.008543972727162716,0.00204109000681837,0.23889238040755514,0.7611076195924449,True
volume_lag1,0.006196055699238149,0.0047118163592502005,0.004888488007912162,0.0183258947747486,0.008530563710287278,0.006563687608576382,0.7694318634204486,0.23056813657955144,False
macd_line_lag5,0.008664568455998597,0.007496958932235783,0.009307273492565054,0.008637488652840837,0.008526572383410067,0.0007529814994516012,0.08830998632998874,0.9116900136700112,False
volume_ratio_20d,0.006831407836975416,0.007671578865950433,0.008225916967410228,0.011118627582251697,0.008461882813146943,0.001861630255573113,0.22000189256705038,0.7799981074329496,False
bop,0.004445437413427269,0.004718360282775694,0.00845231036407094,0.016196873180642824,0.00845324531022918,0.0054764849972567635,0.6478559099478798,0.3521440900521202,False
rsi_14_lag5,0.007120694966478468,0.009924802395990789,0.0075584886204839155,0.009068180204058817,0.008418041546752998,0.001305749837312768,0.15511325461503522,0.8448867453849648,False
volume_lag2,0.007207406950894324,0.007067840851150584,0.00695441685490815,0.012201374710045976,0.008357759841749758,0.002564497973633639,0.3068403485511864,0.6931596514488136,False
atr_14_lag15,0.008940407191135768,0.008131558659389783,0.005986712316596694,0.010169940700567275,0.00830715471692238,0.0017593812572996108,0.21179107601505173,0.7882089239849482,False
rs_nifty_10d,0.006637763050526673,0.007527473402480041,0.015571293149429061,0.003302548682650518,0.008259769571271572,0.005202549977485385,0.6298662292703454,0.3701337707296546,False
rsi_14,0.007760133161043785,0.010490438127041252,0.009380374733112255,0.005292595347286275,0.008230885342120891,0.0022569936019387325,0.274210304323852,0.725789695676148,False
return_10d,0.007963477029046906,0.006889842795844381,0.015515914504496015,0.002420648047566187,0.008197470594238372,0.0054373996067670375,0.6633021098311138,0.3366978901688862,False
rs_nifty_60d,0.010035966737359603,0.009011355498923367,0.0073324775625047,0.005515314310993796,0.007973778527445366,0.001981960259949511,0.24855972965285222,0.7514402703471478,False
mfi_14,0.008274562863362365,0.00976572367096163,0.010565879249707071,0.003051045389396126,0.007914302793356798,0.0033783465810521785,0.426865969950169,0.573134030049831,False
month,0.017826800959657215,0.005126620485559184,0.00699610278581136,0.0016880616054939564,0.007909396459130429,0.00696749277815559,0.8809133195012803,0.11908668049871973,False
return_5d,0.006531796254657352,0.006804042991642306,0.009488392926852688,0.008593372744924882,0.007854401229519307,0.0014222686238237964,0.1810791891265429,0.8189208108734571,False
return_40d,0.008146053258460809,0.0082949228388227,0.007106359794282023,0.00766209765603258,0.007802358386899529,0.0005369149583763328,0.06881444364262863,0.9311855563573713,False
vpci_20d,0.006936893332961213,0.011343190682905355,0.004768531261451923,0.008079470553779122,0.007782021457774403,0.0027426123146503814,0.352429287722861,0.647570712277139,False
rsi_14_lag20,0.006625720181260438,0.008329352947051677,0.007426580461714652,0.008577697216806618,0.007739837701708345,0.0008923610516135235,0.11529454162677165,0.8847054583732283,False
volume,0.004725115775320281,0.005783434409785373,0.0057761382311851935,0.01439398395182252,0.007669668092028342,0.00451036380520991,0.5880780879018819,0.4119219120981181,False
stochastic_d,0.008502189570806116,0.010484655880832174,0.006847996927867254,0.004380909661714981,0.007553938010305131,0.0025855205775916395,0.3422745248686186,0.6577254751313815,False
return_ratio_20_5,0.005573554687043436,0.009137649417122331,0.007299934697578087,0.008193996294441015,0.0075512837740462175,0.0015170392257313546,0.20089818513450705,0.7991018148654929,False
sector_strength,0.007785206235153585,0.004877741642874632,0.00794016726165841,0.009569935493191944,0.007543262658219643,0.0019517919135938508,0.2587463775495621,0.7412536224504379,False
rsi_14_lag3,0.006240070137027282,0.009045058972732108,0.008516178638126403,0.006271101310181838,0.007518102264516909,0.001473785458756816,0.19603157649364053,0.8039684235063594,False
prev_volume,0.007226181188974549,0.005566333425178,0.006744138554402032,0.010533776702947329,0.007517607467875477,0.0021282176173536005,0.283097727320588,0.716902272679412,False
return_20d,0.007121820927461494,0.01108402725324763,0.009938338549265133,0.0017469505277476376,0.0074727843144304735,0.00416446799722683,0.5572846433499338,0.4427153566500662,False
rsi_14_lag10,0.010329636943562568,0.004059011352573782,0.01132443458531732,0.004163608853163546,0.0074691729336543045,0.0038987712873875292,0.5219816530987567,0.47801834690124334,False
price_change,0.006321804922363068,0.0068417902066991755,0.005938991065752748,0.010714153487134089,0.007454184920487271,0.0022045800218770274,0.29575064421099073,0.7042493557890093,False
eom_14d,0.00742490462895672,0.011110979553021894,0.008925089145715069,0.0018897051255073176,0.007337669613300251,0.003934704380310493,0.536233509281353,0.46376649071864695,False
williams_r,0.006111860404998213,0.008942383079168276,0.008939839352696046,0.005083302328064844,0.007269346291231845,0.0019755303885216607,0.27176176263996854,0.7282382373600315,False
stochastic_k,0.007005484948163669,0.009835721170328817,0.007309932637655729,0.003978978244025639,0.007032529250043464,0.0023985928320599753,0.34107114420292484,0.6589288557970752,False
volume_lag3,0.006504078500805278,0.004932244116742845,0.005637077956031719,0.010936232629611803,0.007002408300797911,0.002700185989817029,0.3856081843940077,0.6143918156059923,False
rsi_14_lag2,0.005840010706416543,0.009027532659367439,0.006134801319305751,0.006041262084306828,0.00676090169234914,0.0015160847591968137,0.22424297908194218,0.7757570209180578,False
return_1d,0.005584354041186843,0.007345866672510793,0.005597798930181856,0.008456445500874878,0.006746116286188592,0.0014086933440273462,0.20881545223728748,0.7911845477627125,False
nifty_corr_full,0.002713350485435907,0.010077360400529626,0.004117621657266636,0.009934858224835641,0.0067107976920169525,0.00384848268396058,0.5734761802149169,0.42652381978508314,False
volume_lag20,0.004477901776611304,0.008507392408782538,0.005579215293465278,0.007863553332995694,0.006607015702963704,0.0018955929795939947,0.286906076226379,0.713093923773621,False
price_acceleration,0.003388823556734802,0.004419444397151657,0.009249678361483011,0.008747759756390631,0.006451426517940026,0.002978357934561222,0.46165880989470626,0.5383411901052937,False
volume_roc_1d,0.007977154077812488,0.005819531927502702,0.005881336687638595,0.0059517387365699125,0.006407440357380924,0.0010478687138757896,0.16353936034921995,0.8364606396507801,False
rsi_14_lag1,0.007098159493932591,0.0066922903179291865,0.006744636905710633,0.005014337731338168,0.006387356112227645,0.0009329264631438379,0.1460583114744546,0.8539416885255454,False
rs_nifty_5d,0.006054018605424226,0.005273350555946947,0.009471930054951554,0.004337445576718512,0.00628418619826031,0.0022380256000916476,0.3561361000247899,0.6438638999752101,False
atr_14,0.009065105871248879,0.0054577971610017375,0.006671973929530527,0.0026207117881001715,0.005953897187470329,0.0026802670155753375,0.4501701803314313,0.5498298196685687,False
volume_change,0.007393421231681958,0.004718178126615996,0.0063467505140919,0.004784772060276957,0.005810780483166703,0.0012959538065702477,0.22302576874516772,0.7769742312548322,False
atr_14_lag20,0.0063109857006532445,0.007520183504193911,0.00666175086093353,0.0020662013988365768,0.005639780366154316,0.00243593396807494,0.4319199980732527,0.5680800019267473,False
sma_200,0.006537701836434207,0.005687206439269035,0.006856154942477024,0.0033044828085171496,0.0055963865066743545,0.0016056319507355746,0.28690511638718247,0.7130948836128175,False
sma_20_lag15,0.005774748622848174,0.005805413787564923,0.0055925285935290656,0.005123470223173014,0.005574040306778794,0.0003147341379312468,0.05646427276495649,0.9435357272350435,False
atr_14_lag2,0.007833189349358657,0.005244665115304555,0.0059590451481434225,0.002930037225785414,0.005491734209648012,0.0020268305519558763,0.3690693026418068,0.6309306973581932,False
volume_roc_5d,0.00554855280690411,0.004542647041015347,0.005883571305814351,0.004732181484973027,0.0051767381596767095,0.0006422775651695786,0.1240699322529954,0.8759300677470045,False
atr_14_lag10,0.007774247892872891,0.0072335383793067365,0.004613135073370791,0.0005843407689986913,0.005051315528637278,0.0032823935801389124,0.6498096380139331,0.3501903619860669,False
atr_14_lag1,0.006572922341327427,0.005958323979566515,0.004972701734548418,0.0022724610119569553,0.004944102266849829,0.0018991388787171753,0.3841220787520275,0.6158779212479726,False
atr_14_lag5,0.006435264048648982,0.005060376893455981,0.005229766671451446,0.0024572320504648634,0.0047956599160053175,0.0016748204229501589,0.3492366884559195,0.6507633115440805,False
volume_lag5,0.006053698986540573,0.0026915242859026295,0.005980905532935042,0.004392067890104281,0.0047795491738706316,0.0015892036291420043,0.33250073136185426,0.6674992686381458,False
sma_20_lag5,0.004762283313148538,0.0056902313879901,0.0033439949433445477,0.005286813957230749,0.004770830900428484,0.0010242834375164404,0.21469707005434613,0.7853029299456539,False
sma_20_lag20,0.007171508216782856,0.00462080856243515,0.004809545276605403,0.0019546698261331953,0.0046391329704891515,0.0021329668617095262,0.4597770379293358,0.5402229620706642,False
high,0.006102558086456232,0.002480616611832445,0.0032427687922054107,0.006582161528202492,0.004602026254674145,0.0020429138668155,0.4439161598326293,0.5560838401673707,False
open_lag15,0.0054253369822731354,0.0034650555802716123,0.0036446952989141047,0.005839591616581799,0.004593669869510163,0.0012135779244021854,0.26418483096459644,0.7358151690354036,False
atr_14_lag3,0.006046176751931574,0.006418883815247623,0.005447318008610076,0.00029364956991971086,0.0045515070364272455,0.0028666450248505055,0.6298232517110166,0.3701767482889834,False
low,0.006830192422525292,0.004510165669042275,0.004390690846702158,0.0023116961392212272,0.004510686269372738,0.0018466244483293396,0.4093887929934117,0.5906112070065883,False
high_lag1,0.00518281194715072,0.0031038940087716347,0.004820405728800023,0.004889771525986707,0.004499220802677271,0.0009433845696638429,0.20967731748900792,0.7903226825109921,False
close,0.006012380119283582,0.0026617093589981606,0.00481198897418772,0.004423102320043086,0.004477295193128137,0.0013865778552700988,0.3096909550277492,0.6903090449722509,False
low_lag20,0.004996458816609547,0.0035133736266173793,0.004042053128317091,0.004617312277939002,0.004292299462370754,0.0006508513429237597,0.15163232050008105,0.848367679499919,False
open_lag2,0.003868724935290532,0.004527516414754921,0.004282485201328376,0.0038908056300353093,0.004142383045352285,0.0003194455005352852,0.07711635774051952,0.9228836422594805,False
bollinger_lower,0.003745047676678282,0.005596282479393037,0.004320168117989043,0.0028137943915765734,0.004118823166409234,0.0011642213464964602,0.28265872828076494,0.7173412717192351,False
high_lag5,0.004747298464382798,0.0033505788925530466,0.00392623836713803,0.0044216821451682035,0.00411144946731052,0.0006093098403514815,0.148198300958379,0.8518016990416211,False
high_lag2,0.003953173253278747,0.0015669114248920495,0.003435481178846499,0.007447782506043062,0.004100837090765089,0.0024554243347770922,0.5987617212179511,0.4012382787820489,False
low_lag15,0.004735204424129198,0.004784215267459065,0.002331719924721218,0.004549121743803826,0.004100065340028327,0.0011832384855366836,0.2885901463876413,0.7114098536123588,False
open,0.00542305469085273,0.0026621060086456944,0.003596423124317413,0.0044997427184915815,0.004045331635576855,0.001185951409318653,0.2931654279150333,0.7068345720849667,False
quarter,0.007017544402857176,0.005600468656293495,0.00347182095983231,1.5352713394653187e-05,0.004026296683094409,0.003045252872803249,0.756340885150255,0.243659114849745,False
return_consistency,0.004371545152208277,0.0034013202669010427,0.006387397370528993,0.0015133946151206885,0.00391841435118975,0.0020291797107456415,0.5178573466442583,0.4821426533557417,False
high_lag20,0.004153848075745991,0.003260714694042015,0.0054830089547736795,0.0026740647377956413,0.0038929091155893315,0.00122225993463155,0.31397082925462394,0.6860291707453761,False
bollinger_middle,0.005352877481680438,0.0036222317656181033,0.003846699730169876,0.002585021049631799,0.003851707506775054,0.0011417369907110282,0.2964235885150634,0.7035764114849365,False
ema_50,0.006274918049146007,0.0025290069031219608,0.0037002147124761586,0.002713165578430819,0.003804326310793736,0.0017254694141936953,0.45355451343453274,0.5464454865654673,False
sma_20_lag1,0.006226864912696307,0.003940408985520406,0.003591723455255456,0.001406644351846116,0.0037914104263295717,0.00197320578773298,0.5204410796535983,0.4795589203464017,False
low_lag1,0.003868203192374561,0.003701987864787795,0.002699176043891878,0.004892661860610063,0.0037905072404160745,0.0008980758928832694,0.2369276226713994,0.7630723773286006,False
sma_20_lag10,0.004449134373927647,0.003252447322563408,0.004019222913246002,0.0029157973629391986,0.003659150493169064,0.0007004065545004763,0.1914123337279427,0.8085876662720572,False
open_lag20,0.004836263789465342,0.0030766830135443104,0.004461871838704761,0.002223648489013233,0.0036496167826819115,0.0012151170139962295,0.33294371794534877,0.6670562820546513,False
open_lag1,0.0032624496842335276,0.004742270241340373,0.0033675721134520686,0.0029858169296470764,0.0035895272421682615,0.0007851807375062789,0.21874209684442433,0.7812579031555756,False
close_lag5,0.005071041163303211,0.0021138003024748536,0.0033044807541583853,0.003558316673486063,0.003511909723355628,0.0012152888795222364,0.3460478601813951,0.6539521398186049,False
high_lag15,0.0036305744211705543,0.0018580388071445502,0.0044034524559508235,0.004099939811025695,0.0034980013738229055,0.0011385991945219434,0.32549991846561116,0.6745000815343889,False
vama_20d,0.00488828675362,0.003285395180847356,0.004030570389390294,0.0016989357275689432,0.0034757970128566486,0.0013535619246835408,0.3894248947031004,0.6105751052968996,False
bollinger_upper,0.003982731181609386,0.004042821795883738,0.002940292042841111,0.0027158745048046855,0.00342042988128473,0.0006905275930130684,0.20188327104819226,0.7981167289518077,False
open_lag5,0.003161102921429846,0.0015519022518885029,0.0028690301017717567,0.006039308594245475,0.003405335967333895,0.0018903528858405533,0.555114928001966,0.44488507199803395,False
sma_20_lag2,0.005128445418402603,0.002836603678420569,0.00392378502813503,0.0016915910975324586,0.0033951063056226654,0.0014717172418998962,0.43348191958360194,0.5665180804163981,False
sma_20_lag3,0.003883552935806183,0.0030638610322210606,0.004291531311617083,0.002340117198981751,0.0033947656196565193,0.0008688848953158131,0.25594841207590796,0.7440515879240921,False
high_lag10,0.005120746805496191,0.0038126460560390907,0.0039654440288018145,0.0005095804250216016,0.0033521043288396745,0.001982954245904521,0.5915550329650432,0.4084449670349568,False
sma_50,0.005877889960744917,0.003118037912278476,0.0032204605613356274,0.0011636431453610182,0.003345007894930009,0.0019357058265930878,0.578684962644937,0.42131503735506304,False
open_lag10,0.005337780297427538,0.0018600131863959037,0.004207721420446654,0.0019117222974921238,0.0033293093004405547,0.001729542095467904,0.519489746203534,0.48051025379646595,False
close_lag15,0.004227860232358963,0.0047082826293491,0.002120127497094239,0.0022536864598013896,0.003327489204650923,0.0013326706390985904,0.40050335766245143,0.5994966423375485,False
high_lag3,0.004517324982560184,0.0020675570260698696,0.0029524397833183393,0.0036665721407462036,0.003300973483173649,0.001041787765505047,0.31560015227490634,0.6843998477250937,False
sma_20,0.0030552324709444815,0.003152638770523038,0.004834364705331639,0.002084506582126751,0.0032816856322314776,0.0011419258745392223,0.3479692961832566,0.6520307038167434,False
low_lag3,0.00399463630053322,0.0028418837165268274,0.004863159141943733,0.0012065893972706381,0.0032265671390686044,0.0015807862003452008,0.48992817543189265,0.5100718245681073,False
close_lag2,0.004874549278139464,0.0028344453707249383,0.0035536154272781516,0.0015591353771793575,0.0032054363633304776,0.0013850520852480873,0.43209469321660043,0.5679053067833996,False
close_lag1,0.003737463052877744,0.0026420529264254908,0.0022581095338198684,0.003921488293283782,0.003139778451601721,0.0008151416928321212,0.25961757475420877,0.7403824252457912,False
close_lag3,0.0034046596153382933,0.003784186164661405,0.0026508003968521115,0.0027136745873329138,0.003138330191046181,0.000549569220053376,0.17511516286903436,0.8248848371309656,False
volume_sma_10d,0.0015625010037332515,0.0013204966269516301,0.0006117954942515214,0.008980391363941617,0.003118796122219505,0.00392849786801164,1.2596199264394092,-0.25961992643940923,False
cmf_20d,0.0027224770663803926,0.0032847475554062425,0.0030137386893232137,0.003363678300135429,0.003096160402811319,0.0002907252507626621,0.09389863687579601,0.906101363124204,False
close_lag20,0.0043561116310112495,0.002642807196546796,0.003196926222050434,0.0021647798338199865,0.0030901562208571166,0.0009434838880254091,0.3053191457200181,0.6946808542799818,False
prev_close,0.004666881939240991,0.0026403809809725618,0.00315380997737917,0.0017646204651901162,0.0030564233406957094,0.0012172245710195897,0.3982512877019823,0.6017487122980176,False
low_lag10,0.004915719715738841,0.002223893849243644,0.0031826152347478208,0.0018696681190405301,0.003047974229692709,0.001363098818223792,0.44721466481681854,0.5527853351831815,False
close_lag10,0.005178960186168579,0.0028649532543753536,0.002605776129965756,0.0012405575364721054,0.0029725617767454486,0.0016344360836080469,0.549840895287782,0.450159104712218,False
low_lag5,0.0033815466663250095,0.002035022170783334,0.004209830327866497,0.0020217734836758677,0.002912043162162677,0.0010749311586700607,0.3691329633172226,0.6308670366827773,False
open_lag3,0.003455907694824872,0.002360050260001144,0.003911153885936194,0.0016943153081534666,0.002855356787228919,0.0010113876240593375,0.3542070795363426,0.6457929204636574,False
ema_20,0.003934083783009775,0.0021501262456046543,0.003308309949141645,0.0011710159070452621,0.0026408839712003342,0.0012273519544870727,0.464750409861504,0.5352495901384959,False
is_quarter_1,0.0017660164874351034,0.004740347604480585,0.0009851653544545459,0.0010588758868033197,0.0021376013332933884,0.0017705103524198722,0.8282696319547553,0.17173036804524466,False
low_lag2,0.0036047358263069152,0.001086953074283808,0.0028648730385744444,0.0007746384835920967,0.002082800105689316,0.001370027317188791,0.65778143935576,0.34221856064424006,False
day_of_week,0.001579085846201241,0.0014608676099358159,0.0023549452050037464,0.0010324687777497196,0.0016068418597226307,0.0005512537015456312,0.34306653383683566,0.6569334661631643,False
is_quarter_2,0.002249091658823121,0.0013553347285265552,0.0012161086562344154,0.0008112515326465167,0.0014079466440576522,0.0006063936617618041,0.43069360707081805,0.569306392929182,False
volume_sma_20d,0.0030510486542353805,0.000716226223092071,0.0007250822111613805,0.0009336083158125616,0.0013564913510753483,0.0011341621652545119,0.8360997515726424,0.16390024842735762,False
volume_sma_5d,0.0007566470341132492,0.0011271022677860295,0.0020650361104037865,0.0007373250835421885,0.0011715276239613133,0.0006220902339572933,0.5310076929752934,0.4689923070247066,False
is_quarter_4,0.0032882964642969663,0.00014926285658683366,0.0009085002049135823,0.0,0.0010865148814493456,0.001520798837162986,1.3997035136453726,-0.3997035136453726,False
is_quarter_3,0.002796236091247616,0.0007270841751434911,0.0003489487788654248,0.0004142903965912815,0.0010716398604619533,0.0011615135953567382,1.0838655128687464,-0.08386551286874644,False
pvt,0.0,0.003553740448811708,0.0,0.0,0.000888435112202927,0.0017768702244058542,1.9999997748851046,-0.9999997748851046,False
is_weekday_4,0.0005122147645263617,0.00028277184087444323,0.00028324279079179886,0.0016846037136490322,0.000690708277460409,0.0006713489731768055,0.9719716671820545,0.028028332817945478,False
volume_trend,0.0007724465145171318,0.0012027516749931377,0.0006841946749132584,0.0,0.000664848216105882,0.0004977666658289568,0.7486920757270652,0.2513079242729348,False
volume_sma_50d,0.000895243855516461,0.0010074991591327183,0.00043293122685365224,0.0,0.0005839185603757079,0.0004619170282901336,0.7910639950998049,0.20893600490019515,False
di_crossover,0.00042149169108394183,0.0003906024101222933,0.0006638896877957345,0.0004668944500877267,0.0004857195597724241,0.00012284335628258997,0.2529099940903075,0.7470900059096925,False
is_weekday_1,0.00046798302467663936,0.0006164365547787647,0.0004086847627978488,0.00040380806338253134,0.00047422810140894606,9.9191995955922e-05,0.20916511430830062,0.7908348856916994,False
is_weekday_3,0.0004658361728464765,8.3000539684811e-05,0.000330392241865947,0.0009305533216523923,0.00045244556901240674,0.00035597423865961963,0.7867778675760919,0.21322213242390808,False
high_volume_signal,0.0003134553976842038,0.0009460085384422629,0.0005330778662409119,0.0,0.00044813545059184466,0.00039751600567791386,0.8870441212551013,0.11295587874489865,False
adx_trend_strength,0.0009227318700708736,0.0,0.00038754587738153905,0.0003026167732050085,0.00040322363016435535,0.00038420725260083566,0.9528388928008565,0.04716110719914346,False
price_cmf_confirm,0.0003538716899564562,0.00045310383655629494,0.0006823514668503072,0.0,0.00037233174834076457,0.0002837886893902315,0.7621928950072066,0.23780710499279345,False
is_weekday_5,0.0003499141585450653,0.0005476025761045635,0.0001756969854250968,0.0,0.00026830343001868137,0.0002346849009167854,0.8746992665375847,0.12530073346241533,False
is_month_end,0.0002456978827944022,0.0003403931297906258,0.0,0.00048507589971004606,0.0002677917280737685,0.0002038659056004539,0.7612850140606048,0.23871498593939522,False
is_weekday_2,0.0004114864410649743,0.00033991584687338125,0.000212553588227349,0.00010687229437229442,0.0002677070426344997,0.00013514972759159485,0.504841694777321,0.495158305222679,False
is_quarter_start,0.0002070916068617941,0.00044071570520923785,0.00021330481582281375,0.0,0.00021527803197346143,0.00018003489171307274,0.8362897339487629,0.16371026605123706,False
breakout,0.00010136106816654933,0.00029835674300026326,0.0,0.0004266657185379717,0.0002065958824261961,0.00019201303173420128,0.9294131932250697,0.07058680677493034,False
price_rsi_divergence,8.056195046053508e-05,0.0003422315581796414,0.00011126437983318208,0.00024984187223276404,0.00019597494017653067,0.00012218658124323273,0.6234803224592751,0.3765196775407249,False
is_quarter_end,0.00017447454214673873,0.00017230830301478482,0.0,0.0,8.669571129038089e-05,0.00010011149071671493,1.1547442630347995,-0.1547442630347995,False
is_month_start,5.1090324145562775e-05,0.00013889123645695074,6.181882416113269e-05,0.0,6.295009619091154e-05,5.7363476663362054e-05,0.9112517535194582,0.0887482464805418,False
is_year_start,0.00012346291299966756,0.0,0.00010294199992779748,0.0,5.660122823186626e-05,6.589221017711395e-05,1.1641460056765411,-0.16414600567654114,False
is_year_end,0.00021211999622068847,0.0,0.0,0.0,5.302999905517212e-05,0.00010605999811034423,1.9999962285569222,-0.9999962285569222,False
